,precision,recall,f1-score,support
rRNA,1.0,1.0,1.0,325.0
sRNA,0.5460122699386503,0.7478991596638656,0.6312056737588653,119.0
Cis-reg,0.76,0.5621301775147929,0.6462585034013605,169.0
tRNA,1.0,1.0,1.0,50.0
accuracy,0.8431372549019608,0.8431372549019608,0.8431372549019608,0.8431372549019608
macro avg,0.8265030674846625,0.8275073342946646,0.8193660442900564,663.0
weighted avg,0.8573385522212661,0.8431372549019608,0.8436367454783331,663.0
