,precision,recall,f1-score,support
rRNA,1.0,1.0,1.0,325.0
sRNA,0.544973544973545,0.865546218487395,0.6688311688311689,119.0
Cis-reg,0.8383838383838383,0.4911242603550296,0.6194029850746269,169.0
tRNA,1.0,1.0,1.0,50.0
accuracy,0.8461538461538461,0.8461538461538461,0.8461538461538461,0.8461538461538461
macro avg,0.8458393458393458,0.8391676197106062,0.8220585384764489,663.0
weighted avg,0.8771323085048576,0.8461538461538461,0.8435445151863064,663.0
