,precision,recall,f1-score,support
rRNA,1.0,1.0,1.0,325.0
sRNA,0.5357142857142857,0.8823529411764706,0.6666666666666667,119.0
Cis-reg,0.8478260869565217,0.46153846153846156,0.5977011494252874,169.0
tRNA,1.0,1.0,1.0,50.0
accuracy,0.8416289592760181,0.8416289592760181,0.8416289592760181,0.8416289592760181
macro avg,0.8458850931677018,0.8359728506787331,0.8160919540229885,663.0
weighted avg,0.8778772378516625,0.8416289592760181,0.8376241743381704,663.0
