,precision,recall,f1-score,support
rRNA,1.0,1.0,1.0,325.0
sRNA,0.5487179487179488,0.8991596638655462,0.6815286624203822,119.0
Cis-reg,0.8709677419354839,0.47928994082840237,0.6183206106870228,169.0
tRNA,1.0,1.0,1.0,50.0
accuracy,0.8491704374057315,0.8491704374057315,0.8491704374057315,0.8491704374057315
macro avg,0.8549214226633581,0.8446124011734871,0.8249623182768513,663.0
weighted avg,0.8861100818771233,0.8491704374057315,0.8455476531434878,663.0
