,precision,recall,f1-score,support
rRNA,1.0,1.0,1.0,325.0
sRNA,0.5862068965517241,0.8571428571428571,0.6962457337883958,119.0
Cis-reg,0.8508771929824561,0.5739644970414202,0.6855123674911661,169.0
tRNA,1.0,1.0,1.0,50.0
accuracy,0.8657616892911011,0.8657616892911011,0.8657616892911011,0.8657616892911011
macro avg,0.8592710223835451,0.8577768385460693,0.8454395253198905,663.0
weighted avg,0.8877177470643896,0.8657616892911011,0.8653164893315629,663.0
