,precision,recall,f1-score,support
rRNA,1.0,1.0,1.0,325.0
sRNA,0.5463917525773195,0.8907563025210085,0.6773162939297125,119.0
Cis-reg,0.8617021276595744,0.47928994082840237,0.6159695817490495,169.0
tRNA,1.0,1.0,1.0,50.0
accuracy,0.8476621417797888,0.8476621417797888,0.8476621417797888,0.8476621417797888
macro avg,0.8520234700592235,0.8425115608373527,0.8233214689196905,663.0
weighted avg,0.8833307362461074,0.8476621417797888,0.8441923051179866,663.0
