,precision,recall,f1-score,support
rRNA,1.0,1.0,1.0,325.0
sRNA,0.514792899408284,0.7310924369747899,0.6041666666666667,119.0
Cis-reg,0.7310924369747899,0.514792899408284,0.6041666666666667,169.0
tRNA,1.0,1.0,1.0,50.0
accuracy,0.8280542986425339,0.8280542986425339,0.8280542986425339,0.8280542986425339
macro avg,0.8114713340957684,0.8114713340957684,0.8020833333333334,663.0
weighted avg,0.8443664809627832,0.8280542986425339,0.8280542986425339,663.0
