,precision,recall,f1-score,support
rRNA,1.0,1.0,1.0,325.0
sRNA,0.5694444444444444,0.6890756302521008,0.623574144486692,119.0
Cis-reg,0.7430555555555556,0.6331360946745562,0.6837060702875398,169.0
tRNA,1.0,1.0,1.0,50.0
accuracy,0.8506787330316742,0.8506787330316742,0.8506787330316742,0.8506787330316742
macro avg,0.828125,0.8305529312316643,0.8268200536935579,663.0
weighted avg,0.8572251550192728,0.8506787330316742,0.8518124420399857,663.0
