,precision,recall,f1-score,support
rRNA,1.0,1.0,1.0,325.0
sRNA,0.5844155844155844,0.7563025210084033,0.6593406593406593,119.0
Cis-reg,0.7835820895522388,0.621301775147929,0.693069306930693,169.0
tRNA,1.0,1.0,1.0,50.0
accuracy,0.8597285067873304,0.8597285067873304,0.8597285067873304,0.8597285067873304
macro avg,0.8419994184919558,0.844401074039083,0.8381024915678381,663.0
weighted avg,0.8702425756859471,0.8597285067873304,0.8606187802908379,663.0
