,precision,recall,f1-score,support
tRNA,0.9803921568627451,1.0,0.99009900990099,50.0
rRNA,1.0,0.96,0.9795918367346939,325.0
Cis-reg,0.8144329896907216,0.46745562130177515,0.5939849624060151,169.0
sRNA,0.49261083743842365,0.8403361344537815,0.6211180124223603,119.0
accuracy,0.8159879336349924,0.8159879336349924,0.8159879336349924,0.8159879336349924
macro avg,0.8218589959979725,0.8169479389388892,0.7961984553660149,663.0
weighted avg,0.8601500343228381,0.8159879336349924,0.817750828896987,663.0
