,precision,recall,f1-score,support
tRNA,1.0,1.0,1.0,50.0
rRNA,1.0,0.9938461538461538,0.9969135802469136,325.0
Cis-reg,0.8368794326241135,0.6982248520710059,0.7612903225806451,169.0
sRNA,0.6577181208053692,0.8235294117647058,0.7313432835820897,119.0
accuracy,0.8883861236802413,0.8883861236802413,0.8883861236802413,0.8883861236802413
macro avg,0.8736493883573707,0.8789001044204663,0.872386796602412,663.0
weighted avg,0.896985038445421,0.8883861236802413,0.8894190480281214,663.0
