,precision,recall,f1-score,support
tRNA,0.9803921568627451,1.0,0.99009900990099,50.0
rRNA,1.0,0.9938461538461538,0.9969135802469136,325.0
Cis-reg,0.784,0.5798816568047337,0.6666666666666666,169.0
sRNA,0.5670731707317073,0.7815126050420168,0.6572438162544169,119.0
accuracy,0.8506787330316742,0.8506787330316742,0.8506787330316742,0.8506787330316742
macro avg,0.832866331898613,0.8388101039232261,0.8277307682672467,663.0
weighted avg,0.86575763975899,0.8506787330316742,0.8512527072039799,663.0
