,precision,recall,f1-score,support
tRNA,0.8333333333333334,1.0,0.9090909090909091,50.0
rRNA,1.0,0.9969230769230769,0.9984591679506933,325.0
Cis-reg,0.7972972972972973,0.6982248520710059,0.7444794952681387,169.0
sRNA,0.6335877862595419,0.6974789915966386,0.6639999999999999,119.0
accuracy,0.8672699849170438,0.8672699849170438,0.8672699849170438,0.8672699849170438
macro avg,0.8160546042225432,0.8481567301476804,0.8290073930774353,663.0
weighted avg,0.8699952586346839,0.8672699849170438,0.8669484309786367,663.0
