,precision,recall,f1-score,support
rRNA,1.0,1.0,1.0,325.0
sRNA,0.554140127388535,0.7310924369747899,0.6304347826086956,119.0
Cis-reg,0.7857142857142857,0.5857988165680473,0.6711864406779661,169.0
tRNA,0.9090909090909091,1.0,0.9523809523809523,50.0
accuracy,0.8461538461538461,0.8461538461538461,0.8461538461538461,0.8461538461538461
macro avg,0.8122363305484325,0.8292228133857094,0.8135005439169034,663.0
weighted avg,0.8584961310701288,0.8461538461538461,0.8462613804284445,663.0
