,precision,recall,f1-score,support
rRNA,1.0,1.0,1.0,325.0
sRNA,0.5827338129496403,0.680672268907563,0.6279069767441859,119.0
Cis-reg,0.7708333333333334,0.6568047337278107,0.7092651757188498,169.0
tRNA,0.9090909090909091,1.0,0.9523809523809523,50.0
accuracy,0.8552036199095022,0.8552036199095022,0.8552036199095022,0.8552036199095022
macro avg,0.8156645138434707,0.8343692506588434,0.8223882762109971,663.0
weighted avg,0.8598351471023922,0.8552036199095022,0.85551401590964,663.0
