,precision,recall,f1-score,support
rRNA,1.0,1.0,1.0,325.0
sRNA,0.5355191256830601,0.8235294117647058,0.6490066225165564,119.0
Cis-reg,0.7961165048543689,0.48520710059171596,0.6029411764705882,169.0
tRNA,0.9615384615384616,1.0,0.9803921568627451,50.0
accuracy,0.8371040723981901,0.8371040723981901,0.8371040723981901,0.8371040723981901
macro avg,0.8232935230189727,0.8271841280891055,0.8080849889624725,663.0
weighted avg,0.8617607667475046,0.8371040723981901,0.8343113947905533,663.0
