,precision,recall,f1-score,support
rRNA,1.0,0.9938461538461538,0.9969135802469136,325.0
sRNA,0.4931506849315068,0.907563025210084,0.6390532544378698,119.0
Cis-reg,0.8450704225352113,0.35502958579881655,0.5,169.0
tRNA,1.0,1.0,1.0,50.0
accuracy,0.8159879336349924,0.8159879336349924,0.8159879336349924,0.8159879336349924
macro avg,0.8345552768666795,0.8141096912137636,0.7839917086711958,663.0
weighted avg,0.8695351929340873,0.8159879336349924,0.8062507554424636,663.0
