,precision,recall,f1-score,support
rRNA,1.0,1.0,1.0,325.0
sRNA,0.47398843930635837,0.6890756302521008,0.5616438356164383,119.0
Cis-reg,0.7647058823529411,0.46153846153846156,0.5756457564575646,169.0
tRNA,0.7936507936507936,1.0,0.8849557522123894,50.0
accuracy,0.8069381598793364,0.8069381598793364,0.8069381598793364,0.8069381598793364
macro avg,0.7580862788275232,0.7876535229476406,0.7555613360715981,663.0
weighted avg,0.830048956376536,0.8069381598793364,0.8044759229114693,663.0
