,precision,recall,f1-score,support
rRNA,1.0,1.0,1.0,325.0
sRNA,0.5481927710843374,0.7647058823529411,0.6385964912280702,119.0
Cis-reg,0.7899159663865546,0.5562130177514792,0.6527777777777777,169.0
tRNA,0.9433962264150944,1.0,0.970873786407767,50.0
accuracy,0.8446455505279035,0.8446455505279035,0.8446455505279035,0.8446455505279035
macro avg,0.8203762409714965,0.830229725026105,0.8155620138534038,663.0
weighted avg,0.861086801506966,0.8446455505279035,0.8444285312533532,663.0
