,precision,recall,f1-score,support
rRNA,1.0,1.0,1.0,325.0
sRNA,0.6153846153846154,0.7394957983193278,0.6717557251908397,119.0
Cis-reg,0.8296296296296296,0.6627218934911243,0.7368421052631579,169.0
tRNA,0.8333333333333334,1.0,0.9090909090909091,50.0
accuracy,0.8672699849170438,0.8672699849170438,0.8672699849170438,0.8672699849170438
macro avg,0.8195868945868946,0.850554422952613,0.8294221848862267,663.0
weighted avg,0.8749695977448616,0.8672699849170438,0.8671490083585657,663.0
