,precision,recall,f1-score,support
rRNA,1.0,1.0,1.0,325.0
sRNA,0.6134969325153374,0.8403361344537815,0.7092198581560283,119.0
Cis-reg,0.8760330578512396,0.6272189349112426,0.7310344827586207,169.0
tRNA,0.9259259259259259,1.0,0.9615384615384615,50.0
accuracy,0.8763197586726998,0.8763197586726998,0.8763197586726998,0.8763197586726998
macro avg,0.8538639790731258,0.8668887673412561,0.8504482006132776,663.0
weighted avg,0.8934419578317963,0.8763197586726998,0.8763482862499207,663.0
