,precision,recall,f1-score,support
rRNA,1.0,1.0,1.0,325.0
sRNA,0.7045454545454546,0.5210084033613446,0.5990338164251209,119.0
Cis-reg,0.7988826815642458,0.8461538461538461,0.82183908045977,169.0
tRNA,0.704225352112676,1.0,0.8264462809917354,50.0
accuracy,0.8748114630467572,0.8748114630467572,0.8748114630467572,0.8748114630467572
macro avg,0.8019133720555941,0.8417905623787977,0.8118297944691566,663.0
weighted avg,0.8733987177690806,0.8748114630467572,0.8695296271521528,663.0
