,precision,recall,f1-score,support
rRNA,1.0,1.0,1.0,325.0
sRNA,0.4552238805970149,0.5126050420168067,0.48221343873517786,119.0
Cis-reg,0.6442953020134228,0.5680473372781065,0.6037735849056604,169.0
tRNA,0.9090909090909091,1.0,0.9523809523809523,50.0
accuracy,0.8024132730015083,0.8024132730015083,0.8024132730015083,0.8024132730015083
macro avg,0.7521525229253367,0.7701630948237284,0.7595919940054476,663.0
weighted avg,0.8046939566905862,0.8024132730015083,0.8024738803583567,663.0
