,precision,recall,f1-score,support
tRNA,0.9259259259259259,1.0,0.9615384615384615,50.0
rRNA,1.0,0.9938461538461538,0.9969135802469136,325.0
Cis-reg,0.945054945054945,0.5088757396449705,0.6615384615384615,169.0
sRNA,0.5948717948717949,0.9747899159663865,0.7388535031847133,119.0
accuracy,0.8672699849170438,0.8672699849170438,0.8672699849170438,0.8672699849170438
macro avg,0.8664631664631665,0.8693779523643778,0.8397110016271374,663.0
weighted avg,0.9076927987938547,0.8672699849170438,0.8624395226789606,663.0
