,precision,recall,f1-score,support
tRNA,0.8620689655172413,1.0,0.9259259259259259,50.0
rRNA,0.9847560975609756,0.9938461538461538,0.989280245022971,325.0
Cis-reg,0.841726618705036,0.6923076923076923,0.7597402597402597,169.0
sRNA,0.6739130434782609,0.7815126050420168,0.7237354085603114,119.0
accuracy,0.8793363499245852,0.8793363499245852,0.8793363499245852,0.8793363499245852
macro avg,0.8406161813153784,0.8669166127989657,0.849670459812367,663.0
weighted avg,0.8832528366790998,0.8793363499245852,0.8783303068530057,663.0
