,precision,recall,f1-score,support
tRNA,0.9803921568627451,1.0,0.99009900990099,50.0
rRNA,1.0,0.9538461538461539,0.9763779527559054,325.0
Cis-reg,0.7065868263473054,0.6982248520710059,0.7023809523809524,169.0
sRNA,0.6222222222222222,0.7058823529411765,0.6614173228346457,119.0
accuracy,0.8476621417797888,0.8476621417797888,0.8476621417797888,0.8476621417797888
macro avg,0.8273003013580682,0.8394883397145841,0.8325688094681234,663.0
weighted avg,0.8559234177078074,0.8476621417797888,0.8510389555209995,663.0
