,precision,recall,f1-score,support
tRNA,0.9433962264150944,1.0,0.970873786407767,50.0
rRNA,1.0,0.9538461538461539,0.9763779527559054,325.0
Cis-reg,0.6545454545454545,0.4260355029585799,0.5161290322580646,169.0
sRNA,0.5,0.7983193277310925,0.6148867313915858,119.0
accuracy,0.7948717948717948,0.7948717948717948,0.7948717948717948,0.7948717948717948
macro avg,0.7744854202401372,0.7945502461339566,0.7695668757033307,663.0
weighted avg,0.8179306080526947,0.7948717948717948,0.7937614652387168,663.0
