,precision,recall,f1-score,support
tRNA,0.9433962264150944,1.0,0.970873786407767,50.0
rRNA,1.0,0.9784615384615385,0.9891135303265941,325.0
Cis-reg,0.7512953367875648,0.8579881656804734,0.8011049723756906,169.0
sRNA,0.7777777777777778,0.6470588235294118,0.7064220183486238,119.0
accuracy,0.889894419306184,0.889894419306184,0.889894419306184,0.889894419306184
macro avg,0.8681173352451093,0.8708771319178559,0.8668785768646688,663.0
weighted avg,0.8924498925994099,0.889894419306184,0.8890747318122313,663.0
