,precision,recall,f1-score,support
tRNA,0.9803921568627451,1.0,0.99009900990099,50.0
rRNA,1.0,1.0,1.0,325.0
Cis-reg,0.711864406779661,0.4970414201183432,0.5853658536585366,169.0
sRNA,0.5029585798816568,0.7142857142857143,0.5902777777777778,119.0
accuracy,0.8205128205128205,0.8205128205128205,0.8205128205128205,0.8205128205128205
macro avg,0.7988037858810157,0.8028317836010144,0.7914356603343261,663.0
weighted avg,0.8358623885291359,0.8205128205128205,0.8200223760466029,663.0
