,precision,recall,f1-score,support
tRNA,0.9433962264150944,1.0,0.970873786407767,50.0
rRNA,0.9969325153374233,1.0,0.9984639016897081,325.0
Cis-reg,0.8896103896103896,0.8106508875739645,0.848297213622291,169.0
sRNA,0.7692307692307693,0.8403361344537815,0.8032128514056225,119.0
accuracy,0.9230769230769231,0.9230769230769231,0.9230769230769231,0.9230769230769231
macro avg,0.8997924751484191,0.9127467555069365,0.9052119382813473,663.0
weighted avg,0.924668923360535,0.9230769230769231,0.9230603556394867,663.0
