,precision,recall,f1-score,support
tRNA,0.9433962264150944,1.0,0.970873786407767,50.0
rRNA,1.0,0.9538461538461539,0.9763779527559054,325.0
Cis-reg,0.7878787878787878,0.46153846153846156,0.5820895522388061,169.0
sRNA,0.5472636815920398,0.9243697478991597,0.6875,119.0
accuracy,0.8265460030165912,0.8265460030165912,0.8265460030165912,0.8265460030165912
macro avg,0.8196346739714805,0.8349385908209439,0.8042103228506197,663.0
weighted avg,0.8604007610584052,0.8265460030165912,0.82360808189203,663.0
