,precision,recall,f1-score,support
tRNA,0.9803921568627451,1.0,0.99009900990099,50.0
rRNA,1.0,0.9538461538461539,0.9763779527559054,325.0
Cis-reg,0.8413793103448276,0.7218934911242604,0.7770700636942675,169.0
sRNA,0.6050955414012739,0.7983193277310925,0.6884057971014493,119.0
accuracy,0.8702865761689291,0.8702865761689291,0.8702865761689291,0.8702865761689291
macro avg,0.8567167521522117,0.8685147431753768,0.857988205863153,663.0
weighted avg,0.8872082665432349,0.8702865761689291,0.8749214415688121,663.0
