,precision,recall,f1-score,support
tRNA,0.9803921568627451,1.0,0.99009900990099,50.0
rRNA,1.0,0.9538461538461539,0.9763779527559054,325.0
Cis-reg,0.7919463087248322,0.6982248520710059,0.7421383647798743,169.0
sRNA,0.673202614379085,0.865546218487395,0.7573529411764706,119.0
accuracy,0.8763197586726998,0.8763197586726998,0.8763197586726998,0.8763197586726998
macro avg,0.8613852699916655,0.8794043061011387,0.8664920671533101,663.0
weighted avg,0.8868320439347587,0.8763197586726998,0.8783924114457278,663.0
