,precision,recall,f1-score,support
rRNA,1.0,1.0,1.0,325.0
sRNA,0.5290697674418605,0.7647058823529411,0.6254295532646049,119.0
Cis-reg,0.7652173913043478,0.5207100591715976,0.6197183098591549,169.0
tRNA,0.9803921568627451,1.0,0.99009900990099,50.0
accuracy,0.8355957767722474,0.8355957767722474,0.8355957767722474,0.8355957767722474
macro avg,0.8186698289022384,0.8213539853811347,0.8088117182561875,663.0
weighted avg,0.8541487923064154,0.8355957767722474,0.835088177525995,663.0
