,precision,recall,f1-score,support
tRNA,1.0,1.0,1.0,50.0
rRNA,1.0,0.9538461538461539,0.9763779527559054,325.0
Cis-reg,0.5166666666666667,0.1834319526627219,0.27074235807860264,169.0
sRNA,0.43209876543209874,0.8823529411764706,0.580110497237569,119.0
accuracy,0.7481146304675717,0.7481146304675717,0.7481146304675717,0.7481146304675717
macro avg,0.7371913580246914,0.7549077619213366,0.7068077020180192,663.0
weighted avg,0.7748663948010354,0.7481146304675717,0.7271665796866121,663.0
