,precision,recall,f1-score,support
tRNA,0.9803921568627451,1.0,0.99009900990099,50.0
rRNA,1.0,1.0,1.0,325.0
Cis-reg,0.8666666666666667,0.6923076923076923,0.7697368421052632,169.0
sRNA,0.6578947368421053,0.8403361344537815,0.7380073800738007,119.0
accuracy,0.8929110105580694,0.8929110105580694,0.8929110105580694,0.8929110105580694
macro avg,0.8762383900928793,0.8831609566903685,0.8744608080200136,663.0
weighted avg,0.9031308419215904,0.8929110105580694,0.8935344721562914,663.0
