,precision,recall,f1-score,support
tRNA,0.9615384615384616,1.0,0.9803921568627451,50.0
rRNA,1.0,0.9538461538461539,0.9763779527559054,325.0
Cis-reg,0.7945205479452054,0.3431952662721893,0.4793388429752065,169.0
sRNA,0.5043859649122807,0.9663865546218487,0.6628242074927954,119.0
accuracy,0.803921568627451,0.803921568627451,0.803921568627451,0.803921568627451
macro avg,0.815111243598987,0.815856993685048,0.7747332900216631,663.0
weighted avg,0.8557659509867636,0.803921568627451,0.7937055620561977,663.0
