,precision,recall,f1-score,support
tRNA,1.0,1.0,1.0,50.0
rRNA,1.0,1.0,1.0,325.0
Cis-reg,0.8666666666666667,0.46153846153846156,0.6023166023166022,169.0
sRNA,0.5404040404040404,0.8991596638655462,0.6750788643533123,119.0
accuracy,0.8446455505279035,0.8446455505279035,0.8446455505279035,0.8446455505279035
macro avg,0.8517676767676767,0.840174531351002,0.8193488666674786,663.0
weighted avg,0.8835214894038425,0.8446455505279035,0.8403105439661386,663.0
