,precision,recall,f1-score,support
tRNA,1.0,1.0,1.0,50.0
rRNA,1.0,1.0,1.0,325.0
Cis-reg,0.8456375838926175,0.7455621301775148,0.7924528301886793,169.0
sRNA,0.6906474820143885,0.8067226890756303,0.7441860465116279,119.0
accuracy,0.9004524886877828,0.9004524886877828,0.9004524886877828,0.9004524886877828
macro avg,0.8840712664767515,0.8880712048132862,0.8841597191750769,663.0
weighted avg,0.9051279065423297,0.9004524886877828,0.9011804944747669,663.0
