,precision,recall,f1-score,support
tRNA,1.0,1.0,1.0,50.0
rRNA,0.9938837920489296,1.0,0.9969325153374233,325.0
Cis-reg,0.7410071942446043,0.6094674556213018,0.6688311688311688,169.0
sRNA,0.564625850340136,0.6974789915966386,0.6240601503759399,119.0
accuracy,0.8461538461538461,0.8461538461538461,0.8461538461538461,0.8461538461538461
macro avg,0.8248792091584175,0.8267366118044852,0.822455958636133,663.0
weighted avg,0.852840006687355,0.8461538461538461,0.8466043633663152,663.0
