,precision,recall,f1-score,support
tRNA,1.0,1.0,1.0,50.0
rRNA,1.0,0.9538461538461539,0.9763779527559054,325.0
Cis-reg,0.8387096774193549,0.6153846153846154,0.7098976109215017,169.0
sRNA,0.6368715083798883,0.957983193277311,0.7651006711409395,119.0
accuracy,0.8717948717948718,0.8717948717948718,0.8717948717948718,0.8717948717948718
macro avg,0.8688952964498108,0.8818034906270201,0.8628440587045867,663.0
weighted avg,0.8937098717663313,0.8717948717948718,0.872311479271757,663.0
