,precision,recall,f1-score,support
rRNA,1.0,0.9538461538461539,0.9763779527559054,325.0
sRNA,0.5,0.8403361344537815,0.6269592476489028,119.0
Cis-reg,0.8,0.40236686390532544,0.5354330708661417,169.0
tRNA,0.7205882352941176,0.98,0.8305084745762712,50.0
accuracy,0.7948717948717948,0.7948717948717948,0.7948717948717948,0.7948717948717948
macro avg,0.7551470588235294,0.7941372880513152,0.7423196864618052,663.0
weighted avg,0.8382042409724071,0.7948717948717948,0.7902633451298343,663.0
