,precision,recall,f1-score,support
rRNA,1.0,0.9538461538461539,0.9763779527559054,325.0
sRNA,0.48186528497409326,0.7815126050420168,0.596153846153846,119.0
Cis-reg,0.8142857142857143,0.33727810650887574,0.4769874476987448,169.0
tRNA,0.5555555555555556,1.0,0.7142857142857143,50.0
accuracy,0.7692307692307693,0.7692307692307693,0.7692307692307693,0.7692307692307693
macro avg,0.7129266387038407,0.7681592163492617,0.6909512402235527,663.0
weighted avg,0.8261448452548726,0.7692307692307693,0.7610713525088244,663.0
