,precision,recall,f1-score,support
rRNA,1.0,0.9538461538461539,0.9763779527559054,325.0
sRNA,0.5443037974683544,0.7226890756302521,0.6209386281588448,119.0
Cis-reg,0.8421052631578947,0.47337278106508873,0.6060606060606061,169.0
tRNA,0.5,1.0,0.6666666666666666,50.0
accuracy,0.7933634992458521,0.7933634992458521,0.7933634992458521,0.7933634992458521
macro avg,0.7216022651565623,0.7874770026353737,0.7175109634105057,663.0
weighted avg,0.8402533052374335,0.7933634992458521,0.7948297242144006,663.0
