,precision,recall,f1-score,support
rRNA,1.0,0.9538461538461539,0.9763779527559054,325.0
sRNA,0.6387096774193548,0.8319327731092437,0.7226277372262773,119.0
Cis-reg,0.856,0.6331360946745562,0.7278911564625851,169.0
tRNA,0.684931506849315,1.0,0.8130081300813007,50.0
accuracy,0.8536953242835595,0.8536953242835595,0.8536953242835595,0.8536953242835595
macro avg,0.7949102960671675,0.8547287554074885,0.8099762441315171,663.0
weighted avg,0.8746863151664691,0.8536953242835595,0.8551727712244919,663.0
