,precision,recall,f1-score,support
rRNA,1.0,0.9538461538461539,0.9763779527559054,325.0
sRNA,0.6142857142857143,0.7226890756302521,0.6640926640926641,119.0
Cis-reg,0.8198198198198198,0.5384615384615384,0.6499999999999999,169.0
tRNA,0.49019607843137253,1.0,0.6578947368421052,50.0
accuracy,0.8099547511312217,0.8099547511312217,0.8099547511312217,0.8099547511312217
macro avg,0.7310754031342267,0.8037491919844861,0.7370913384226687,663.0
weighted avg,0.8463941982973124,0.8099547511312217,0.8131140249092029,663.0
