,precision,recall,f1-score,support
rRNA,1.0,0.9538461538461539,0.9763779527559054,325.0
sRNA,0.5428571428571428,0.7983193277310925,0.6462585034013605,119.0
Cis-reg,0.86,0.5088757396449705,0.6394052044609666,169.0
tRNA,0.6410256410256411,1.0,0.7812500000000001,50.0
accuracy,0.8159879336349924,0.8159879336349924,0.8159879336349924,0.8159879336349924
macro avg,0.7609706959706959,0.8152603053055542,0.7608229151545581,663.0
weighted avg,0.855190470665584,0.8159879336349924,0.8165151977440944,663.0
