,precision,recall,f1-score,support
rRNA,1.0,0.9538461538461539,0.9763779527559054,325.0
sRNA,0.5347593582887701,0.8403361344537815,0.6535947712418301,119.0
Cis-reg,0.8295454545454546,0.4319526627218935,0.5680933852140079,169.0
tRNA,0.6410256410256411,1.0,0.7812500000000001,50.0
accuracy,0.803921568627451,0.803921568627451,0.803921568627451,0.803921568627451
macro avg,0.7513326134649664,0.8065337377554572,0.7448290273029359,663.0
weighted avg,0.8459740988021532,0.803921568627451,0.7996544412135963,663.0
