,precision,recall,f1-score,support
tRNA,1.0,1.0,1.0,50.0
rRNA,1.0,0.9538461538461539,0.9763779527559054,325.0
Cis-reg,0.8333333333333334,0.47337278106508873,0.6037735849056605,169.0
sRNA,0.5024154589371981,0.8739495798319328,0.6380368098159509,119.0
accuracy,0.8205128205128205,0.8205128205128205,0.8205128205128205,0.8205128205128205
macro avg,0.8339371980676329,0.8252921286857938,0.8045470868693791,663.0
weighted avg,0.868206294037496,0.8205128205128205,0.8224539228700212,663.0
