,precision,recall,f1-score,support
tRNA,0.9090909090909091,1.0,0.9523809523809523,50.0
rRNA,1.0,0.9938461538461538,0.9969135802469136,325.0
Cis-reg,0.7711864406779662,0.5384615384615384,0.6341463414634146,169.0
sRNA,0.5329341317365269,0.7478991596638656,0.6223776223776223,119.0
accuracy,0.8340874811463047,0.8340874811463047,0.8340874811463047,0.8340874811463047
macro avg,0.8033028703763506,0.8200517129928895,0.8014546241172258,663.0
weighted avg,0.850986750536604,0.8340874811463047,0.8338606786871019,663.0
