,precision,recall,f1-score,support
tRNA,0.8064516129032258,1.0,0.8928571428571428,50.0
rRNA,0.9908536585365854,1.0,0.995405819295559,325.0
Cis-reg,0.7538461538461538,0.8698224852071006,0.8076923076923076,169.0
sRNA,0.782051282051282,0.5126050420168067,0.6192893401015228,119.0
accuracy,0.8793363499245852,0.8793363499245852,0.8793363499245852,0.8793363499245852
macro avg,0.8333006768343117,0.8456068818059768,0.8288111524866331,663.0
weighted avg,0.8790559913026457,0.8793363499245852,0.8723155051070814,663.0
