,precision,recall,f1-score,support
tRNA,0.8333333333333334,1.0,0.9090909090909091,50.0
rRNA,1.0,0.963076923076923,0.9811912225705329,325.0
Cis-reg,0.7342995169082126,0.8994082840236687,0.8085106382978724,169.0
sRNA,0.8433734939759037,0.5882352941176471,0.6930693069306931,119.0
accuracy,0.8823529411764706,0.8823529411764706,0.8823529411764706,0.8823529411764706
macro avg,0.8527515860543624,0.8626801253045597,0.8479655192225019,663.0
weighted avg,0.8915908458631783,0.8823529411764706,0.8800229836908923,663.0
