,precision,recall,f1-score,support
tRNA,0.9803921568627451,1.0,0.99009900990099,50.0
rRNA,1.0,0.9538461538461539,0.9763779527559054,325.0
Cis-reg,0.0,0.0,0.0,169.0
sRNA,0.39072847682119205,0.9915966386554622,0.5605700712589073,119.0
accuracy,0.7209653092006033,0.7209653092006033,0.7209653092006033,0.7209653092006033
macro avg,0.5927801584209843,0.7363606981254041,0.6317617584789507,663.0
weighted avg,0.6342628907765597,0.7209653092006033,0.6538998847971776,663.0
