,precision,recall,f1-score,support
rRNA,1.0,1.0,1.0,325.0
sRNA,0.5380952380952381,0.9495798319327731,0.6869300911854103,119.0
Cis-reg,0.9230769230769231,0.4260355029585799,0.5829959514170041,169.0
tRNA,1.0,1.0,1.0,50.0
accuracy,0.8446455505279035,0.8446455505279035,0.8446455505279035,0.8446455505279035
macro avg,0.8652930402930403,0.8439038337228383,0.8174815106506036,663.0
weighted avg,0.8974861739567621,0.8446455505279035,0.837512815445758,663.0
