,precision,recall,f1-score,support
tRNA,0.9803921568627451,1.0,0.99009900990099,50.0
rRNA,1.0,0.9938461538461538,0.9969135802469136,325.0
Cis-reg,0.845360824742268,0.48520710059171596,0.6165413533834586,169.0
sRNA,0.546875,0.8823529411764706,0.6752411575562701,119.0
accuracy,0.8446455505279035,0.8446455505279035,0.8446455505279035,0.8446455505279035
macro avg,0.8431569954012533,0.8403515489035851,0.819698775271908,663.0
weighted avg,0.8777733216057023,0.8446455505279035,0.8417059585916998,663.0
