,precision,recall,f1-score,support
tRNA,0.8771929824561403,1.0,0.9345794392523363,50.0
rRNA,1.0,0.9938461538461538,0.9969135802469136,325.0
Cis-reg,0.7068965517241379,0.727810650887574,0.717201166180758,169.0
sRNA,0.5779816513761468,0.5294117647058824,0.5526315789473684,119.0
accuracy,0.8431372549019608,0.8431372549019608,0.8431372549019608,0.8431372549019608
macro avg,0.7905177963891062,0.8127671423599026,0.8003314411568441,663.0
weighted avg,0.840279008865683,0.8431372549019608,0.8411704985251112,663.0
