,precision,recall,f1-score,support
tRNA,0.8928571428571429,1.0,0.9433962264150945,50.0
rRNA,1.0,1.0,1.0,325.0
Cis-reg,0.8666666666666667,0.46153846153846156,0.6023166023166022,169.0
sRNA,0.5260416666666666,0.8487394957983193,0.6495176848874598,119.0
accuracy,0.8355957767722474,0.8355957767722474,0.8355957767722474,0.8355957767722474
macro avg,0.821391369047619,0.8275694893341953,0.7988076284047891,663.0
weighted avg,0.8728634723120018,0.8355957767722474,0.831453878753949,663.0
