,precision,recall,f1-score,support
tRNA,0.9803921568627451,1.0,0.99009900990099,50.0
rRNA,1.0,1.0,1.0,325.0
Cis-reg,0.8881118881118881,0.7514792899408284,0.8141025641025641,169.0
sRNA,0.7152777777777778,0.865546218487395,0.7832699619771863,119.0
accuracy,0.9125188536953243,0.9125188536953243,0.9125188536953243,0.9125188536953243
macro avg,0.8959454556881028,0.9042563771070559,0.8968678839951851,663.0
weighted avg,0.9188967910853724,0.9125188536953243,0.9129674348471614,663.0
