,precision,recall,f1-score,support
tRNA,0.8333333333333334,1.0,0.9090909090909091,50.0
rRNA,1.0,0.9815384615384616,0.9906832298136645,325.0
Cis-reg,0.7964071856287425,0.7869822485207101,0.7916666666666666,169.0
sRNA,0.7264957264957265,0.7142857142857143,0.7203389830508475,119.0
accuracy,0.8853695324283559,0.8853695324283559,0.8853695324283559,0.8853695324283559
macro avg,0.8390590613644506,0.8707016060862216,0.8529449471555219,663.0
weighted avg,0.8864441515700084,0.8853695324283559,0.8852769242740632,663.0
