,precision,recall,f1-score,support
tRNA,0.9433962264150944,1.0,0.970873786407767,50.0
rRNA,0.9848484848484849,1.0,0.9923664122137404,325.0
Cis-reg,0.8346456692913385,0.6272189349112426,0.7162162162162162,169.0
sRNA,0.6209150326797386,0.7983193277310925,0.698529411764706,119.0
accuracy,0.8687782805429864,0.8687782805429864,0.8687782805429864,0.8687782805429864
macro avg,0.8459513533086641,0.8563845656605837,0.8444964566506075,663.0
weighted avg,0.8781139907928166,0.8687782805429864,0.86761434966877,663.0
