,precision,recall,f1-score,support
tRNA,0.819672131147541,1.0,0.9009009009009009,50.0
rRNA,1.0,0.9846153846153847,0.9922480620155039,325.0
Cis-reg,0.816,0.6035502958579881,0.6938775510204082,169.0
sRNA,0.5796178343949044,0.7647058823529411,0.6594202898550724,119.0
accuracy,0.8491704374057315,0.8491704374057315,0.8491704374057315,0.8491704374057315
macro avg,0.8038224913856113,0.8382178907065785,0.8116117009479713,663.0
weighted avg,0.8640454432132288,0.8491704374057315,0.849565589464987,663.0
