,precision,recall,f1-score,support
tRNA,0.9433962264150944,1.0,0.970873786407767,50.0
rRNA,1.0,0.9661538461538461,0.9827856025039123,325.0
Cis-reg,0.7518248175182481,0.6094674556213018,0.673202614379085,169.0
sRNA,0.5911949685534591,0.7899159663865546,0.6762589928057554,119.0
accuracy,0.8461538461538461,0.8461538461538461,0.8461538461538461,0.8461538461538461
macro avg,0.8216040031217003,0.8413843170404256,0.8257802490241299,663.0
weighted avg,0.859095636107391,0.8461538461538461,0.8479563681871948,663.0
