,precision,recall,f1-score,support
tRNA,0.704225352112676,1.0,0.8264462809917354,50.0
rRNA,1.0,0.9723076923076923,0.9859594383775351,325.0
Cis-reg,0.8392857142857143,0.834319526627219,0.8367952522255193,169.0
sRNA,0.7592592592592593,0.6890756302521008,0.722466960352423,119.0
accuracy,0.8883861236802413,0.8883861236802413,0.8883861236802413,0.8883861236802413
macro avg,0.8256925814144125,0.873925712296753,0.8429169829868033,663.0
weighted avg,0.893517956518509,0.8883861236802413,0.8886140232735095,663.0
