,precision,recall,f1-score,support
tRNA,0.8620689655172413,1.0,0.9259259259259259,50.0
rRNA,1.0,0.9569230769230769,0.9779874213836477,325.0
Cis-reg,0.7931034482758621,0.6804733727810651,0.732484076433121,169.0
sRNA,0.6442953020134228,0.8067226890756303,0.7164179104477612,119.0
accuracy,0.8627450980392157,0.8627450980392157,0.8627450980392157,0.8627450980392157
macro avg,0.8248669289516315,0.8610297846949431,0.838203833547614,663.0
weighted avg,0.8730151915144496,0.8627450980392157,0.8645335573249816,663.0
