,precision,recall,f1-score,support
rRNA,1.0,0.9538461538461539,0.9763779527559054,325.0
sRNA,0.5895953757225434,0.8571428571428571,0.6986301369863013,119.0
Cis-reg,0.8666666666666667,0.5384615384615384,0.6642335766423358,169.0
tRNA,0.6666666666666666,1.0,0.8,50.0
accuracy,0.8340874811463047,0.8340874811463047,0.8340874811463047,0.8340874811463047
macro avg,0.7807321772639692,0.8373626373626374,0.7848104165961356,663.0
weighted avg,0.8672124430029905,0.8340874811463047,0.8336580624428264,663.0
