,precision,recall,f1-score,support
rRNA,1.0,0.9538461538461539,0.9763779527559054,325.0
sRNA,0.5900621118012422,0.7983193277310925,0.6785714285714285,119.0
Cis-reg,0.8303571428571429,0.5502958579881657,0.6619217081850535,169.0
tRNA,0.625,1.0,0.7692307692307693,50.0
accuracy,0.8265460030165912,0.8265460030165912,0.8265460030165912,0.8265460030165912
macro avg,0.7613548136645962,0.825615334891353,0.7715254646857892,663.0
weighted avg,0.8548985647770814,0.8265460030165912,0.8271480268333058,663.0
