,precision,recall,f1-score,support
tRNA,1.0,1.0,1.0,50.0
rRNA,1.0,0.9538461538461539,0.9763779527559054,325.0
Cis-reg,0.8018018018018018,0.5266272189349113,0.6357142857142858,169.0
sRNA,0.5833333333333334,0.9411764705882353,0.7202572347266882,119.0
accuracy,0.8461538461538461,0.8461538461538461,0.8461538461538461,0.8461538461538461
macro avg,0.8462837837837839,0.8554124608423253,0.8330873682992199,663.0
weighted avg,0.8746925658690364,0.8461538461538461,0.8453531822984305,663.0
