,precision,recall,f1-score,support
tRNA,0.8620689655172413,1.0,0.9259259259259259,50.0
rRNA,1.0,1.0,1.0,325.0
Cis-reg,0.7627118644067796,0.7988165680473372,0.7803468208092484,169.0
sRNA,0.6893203883495146,0.5966386554621849,0.6396396396396397,119.0
accuracy,0.8763197586726998,0.8763197586726998,0.8763197586726998,0.8763197586726998
macro avg,0.8285253045683839,0.8488638058773805,0.8364780965937035,663.0
weighted avg,0.8733497429475114,0.8763197586726998,0.8737436291556205,663.0
