,precision,recall,f1-score,support
tRNA,0.9803921568627451,1.0,0.99009900990099,50.0
rRNA,0.9878419452887538,1.0,0.9938837920489296,325.0
Cis-reg,0.86,0.7633136094674556,0.8087774294670846,169.0
sRNA,0.706766917293233,0.7899159663865546,0.746031746031746,119.0
accuracy,0.9019607843137255,0.9019607843137255,0.9019607843137255,0.9019607843137255
macro avg,0.883750254861183,0.8883073939635026,0.8846979943621875,663.0
weighted avg,0.904243594600116,0.9019607843137255,0.9019281240854703,663.0
