,precision,recall,f1-score,support
tRNA,0.8928571428571429,1.0,0.9433962264150945,50.0
rRNA,1.0,0.9538461538461539,0.9763779527559054,325.0
Cis-reg,0.7654320987654321,0.7337278106508875,0.7492447129909365,169.0
sRNA,0.674074074074074,0.7647058823529411,0.7165354330708661,119.0
accuracy,0.8672699849170438,0.8672699849170438,0.8672699849170438,0.8672699849170438
macro avg,0.8330908289241622,0.8630699617124957,0.8463885813082007,663.0
weighted avg,0.8736285017330768,0.8672699849170438,0.8693555339326174,663.0
