,precision,recall,f1-score,support
tRNA,0.9803921568627451,1.0,0.99009900990099,50.0
rRNA,1.0,1.0,1.0,325.0
Cis-reg,0.9166666666666666,0.4556213017751479,0.608695652173913,169.0
sRNA,0.5517241379310345,0.9411764705882353,0.6956521739130435,119.0
accuracy,0.8506787330316742,0.8506787330316742,0.8506787330316742,0.8506787330316742
macro avg,0.8621957403651115,0.8491994430908458,0.8236117089969867,663.0
weighted avg,0.8968196786177933,0.8506787330316742,0.8448825405853589,663.0
