,precision,recall,f1-score,support
rRNA,0.9969325153374233,1.0,0.9984639016897081,325.0
sRNA,0.581081081081081,0.7226890756302521,0.6441947565543071,119.0
Cis-reg,0.7608695652173914,0.621301775147929,0.6840390879478826,169.0
tRNA,0.9803921568627451,1.0,0.99009900990099,50.0
accuracy,0.8536953242835595,0.8536953242835595,0.8536953242835595,0.8536953242835595
macro avg,0.8298188296246602,0.8359977126945453,0.829199189023222,663.0
weighted avg,0.8608722179459842,0.8536953242835595,0.8540987940231665,663.0
