,precision,recall,f1-score,support
tRNA,0.7692307692307693,1.0,0.8695652173913044,50.0
rRNA,1.0,1.0,1.0,325.0
Cis-reg,0.8026315789473685,0.7218934911242604,0.7601246105919003,169.0
sRNA,0.6528925619834711,0.6638655462184874,0.6583333333333333,119.0
accuracy,0.8687782805429864,0.8687782805429864,0.8687782805429864,0.8687782805429864
macro avg,0.8061887275404023,0.8464397593356869,0.8220057903291345,663.0
weighted avg,0.869985656379603,0.8687782805429864,0.8676937959672143,663.0
