,precision,recall,f1-score,support
tRNA,0.9259259259259259,1.0,0.9615384615384615,50.0
rRNA,1.0,1.0,1.0,325.0
Cis-reg,0.6482758620689655,0.5562130177514792,0.5987261146496815,169.0
sRNA,0.460431654676259,0.5378151260504201,0.496124031007752,119.0
accuracy,0.803921568627451,0.803921568627451,0.803921568627451,0.803921568627451
macro avg,0.7586583606677877,0.7735070359504748,0.7640971517989738,663.0
weighted avg,0.8079129470474001,0.803921568627451,0.8043746548154476,663.0
