,precision,recall,f1-score,support
tRNA,1.0,1.0,1.0,50.0
rRNA,1.0,0.9538461538461539,0.9763779527559054,325.0
Cis-reg,0.9032258064516129,0.4970414201183432,0.6412213740458016,169.0
sRNA,0.5238095238095238,0.9243697478991597,0.668693009118541,119.0
accuracy,0.8355957767722474,0.8355957767722474,0.8355957767722474,0.8355957767722474
macro avg,0.8567588325652842,0.8438143304659143,0.8215730839800621,663.0
weighted avg,0.88986198284111,0.8355957767722474,0.8375018324954994,663.0
