,precision,recall,f1-score,support
rRNA,1.0,1.0,1.0,325.0
sRNA,0.49206349206349204,0.7815126050420168,0.6038961038961039,119.0
Cis-reg,0.7373737373737373,0.4319526627218935,0.5447761194029851,169.0
tRNA,1.0,1.0,1.0,50.0
accuracy,0.8159879336349924,0.8159879336349924,0.8159879336349924,0.8159879336349924
macro avg,0.8073593073593074,0.8033663169409775,0.7871680558247722,663.0
weighted avg,0.8418879595350183,0.8159879336349924,0.8128669691444055,663.0
