,precision,recall,f1-score,support
rRNA,1.0,1.0,1.0,325.0
sRNA,0.576271186440678,0.5714285714285714,0.5738396624472574,119.0
Cis-reg,0.7777777777777778,0.7041420118343196,0.7391304347826088,169.0
tRNA,0.746268656716418,1.0,0.8547008547008548,50.0
accuracy,0.8476621417797888,0.8476621417797888,0.8476621417797888,0.8476621417797888
macro avg,0.7750794052337184,0.8188926458157227,0.7919177379826803,663.0
weighted avg,0.8481661364505371,0.8476621417797888,0.8460558160550938,663.0
