,precision,recall,f1-score,support
rRNA,1.0,1.0,1.0,325.0
sRNA,0.5208333333333334,0.8403361344537815,0.6430868167202572,119.0
Cis-reg,0.7978723404255319,0.4437869822485207,0.5703422053231939,169.0
tRNA,0.9615384615384616,1.0,0.9803921568627451,50.0
accuracy,0.8295625942684767,0.8295625942684767,0.8295625942684767,0.8295625942684767
macro avg,0.8200610338243317,0.8210307791755755,0.7984552947265491,663.0
weighted avg,0.8595724212300222,0.8295625942684767,0.8249393238800417,663.0
