,precision,recall,f1-score,support
rRNA,1.0,1.0,1.0,325.0
sRNA,0.45108695652173914,0.6974789915966386,0.5478547854785479,119.0
Cis-reg,0.7252747252747253,0.3905325443786982,0.5076923076923077,169.0
tRNA,0.7936507936507936,1.0,0.8849557522123894,50.0
accuracy,0.7903469079939668,0.7903469079939668,0.7903469079939668,0.7903469079939668
macro avg,0.7425031188618145,0.7720028839938342,0.7351257113458113,663.0
weighted avg,0.815887354570219,0.7903469079939668,0.7846794978620916,663.0
