,precision,recall,f1-score,support
rRNA,1.0,1.0,1.0,325.0
sRNA,0.5688622754491018,0.7983193277310925,0.6643356643356644,119.0
Cis-reg,0.8290598290598291,0.5739644970414202,0.6783216783216783,169.0
tRNA,0.9259259259259259,1.0,0.9615384615384615,50.0
accuracy,0.8552036199095022,0.8552036199095022,0.8552036199095022,0.8552036199095022
macro avg,0.8309620076087143,0.8430709561931282,0.826048951048951,663.0
weighted avg,0.8734570410042994,0.8552036199095022,0.854855551688131,663.0
