,precision,recall,f1-score,support
rRNA,1.0,1.0,1.0,325.0
sRNA,0.5755813953488372,0.8319327731092437,0.6804123711340206,119.0
Cis-reg,0.8347826086956521,0.5680473372781065,0.676056338028169,169.0
tRNA,0.9803921568627451,1.0,0.99009900990099,50.0
accuracy,0.8597285067873304,0.8597285067873304,0.8597285067873304,0.8597285067873304
macro avg,0.8476890402268087,0.8499950275968375,0.836641929765795,663.0
weighted avg,0.8802293435282263,0.8597285067873304,0.8593175622726372,663.0
