,precision,recall,f1-score,support
rRNA,1.0,1.0,1.0,325.0
sRNA,0.5380116959064327,0.773109243697479,0.6344827586206896,119.0
Cis-reg,0.7894736842105263,0.5325443786982249,0.6360424028268551,169.0
tRNA,0.9433962264150944,1.0,0.970873786407767,50.0
accuracy,0.8401206636500754,0.8401206636500754,0.8401206636500754,0.8401206636500754
macro avg,0.8177204016330133,0.826413405598926,0.810349736963828,663.0
weighted avg,0.8591466904452477,0.8401206636500754,0.8394242891010392,663.0
