,precision,recall,f1-score,support
rRNA,1.0,1.0,1.0,325.0
sRNA,0.6535947712418301,0.8403361344537815,0.7352941176470588,119.0
Cis-reg,0.8592592592592593,0.6863905325443787,0.7631578947368421,169.0
tRNA,1.0,1.0,1.0,50.0
accuracy,0.8914027149321267,0.8914027149321267,0.8914027149321267,0.8914027149321267
macro avg,0.8782135076252723,0.8816816667495401,0.8746130030959752,663.0
weighted avg,0.9019496117535333,0.8914027149321267,0.8921171707549417,663.0
