,precision,recall,f1-score,support
rRNA,1.0,1.0,1.0,325.0
sRNA,0.5898876404494382,0.8823529411764706,0.7070707070707072,119.0
Cis-reg,0.8715596330275229,0.5621301775147929,0.6834532374100719,169.0
tRNA,0.9803921568627451,1.0,0.99009900990099,50.0
accuracy,0.8672699849170438,0.8672699849170438,0.8672699849170438,0.8672699849170438
macro avg,0.8604598575849266,0.8611207796728159,0.8451557385954422,663.0
weighted avg,0.8921716667243919,0.8672699849170438,0.865987875955906,663.0
