,precision,recall,f1-score,support
rRNA,1.0,1.0,1.0,325.0
sRNA,0.503448275862069,0.6134453781512605,0.5530303030303031,119.0
Cis-reg,0.6879432624113475,0.5739644970414202,0.6258064516129033,169.0
tRNA,0.9615384615384616,1.0,0.9803921568627451,50.0
accuracy,0.8220211161387632,0.8220211161387632,0.8220211161387632,0.8220211161387632
macro avg,0.7882324999529695,0.7968524687981702,0.7898072278764879,663.0
weighted avg,0.8284308887662549,0.8220211161387632,0.8229132793760543,663.0
