,precision,recall,f1-score,support
tRNA,0.78125,1.0,0.8771929824561403,50.0
rRNA,1.0,0.9753846153846154,0.987538940809969,325.0
Cis-reg,0.8252427184466019,0.5029585798816568,0.625,169.0
sRNA,0.553072625698324,0.8319327731092437,0.6644295302013422,119.0
accuracy,0.8310708898944194,0.8310708898944194,0.8310708898944194,0.8310708898944194
macro avg,0.7898913360362315,0.827568992093879,0.7885403633668628,663.0
weighted avg,0.8587393090129356,0.8310708898944194,0.8288113408446556,663.0
