,precision,recall,f1-score,support
tRNA,0.9803921568627451,1.0,0.99009900990099,50.0
rRNA,1.0,1.0,1.0,325.0
Cis-reg,0.7232704402515723,0.6804733727810651,0.7012195121951219,169.0
sRNA,0.578125,0.6218487394957983,0.5991902834008097,119.0
accuracy,0.8506787330316742,0.8506787330316742,0.8506787330316742,0.8506787330316742
macro avg,0.8204468992785794,0.8255805280692159,0.8226272013742304,663.0
weighted avg,0.8522612175650874,0.8506787330316742,0.8511533812680565,663.0
