,precision,recall,f1-score,support
tRNA,1.0,1.0,1.0,50.0
rRNA,1.0,0.9938461538461538,0.9969135802469136,325.0
Cis-reg,0.7142857142857143,0.5029585798816568,0.5902777777777778,169.0
sRNA,0.5087719298245614,0.7310924369747899,0.6,119.0
accuracy,0.8220211161387632,0.8220211161387632,0.8220211161387632,0.8220211161387632
macro avg,0.805764411027569,0.8069742926756501,0.7967978395061729,663.0
weighted avg,0.8390017275466192,0.8220211161387632,0.8222531795244213,663.0
