,precision,recall,f1-score,support
tRNA,1.0,1.0,1.0,50.0
rRNA,1.0,1.0,1.0,325.0
Cis-reg,0.8280254777070064,0.7692307692307693,0.7975460122699387,169.0
sRNA,0.7022900763358778,0.773109243697479,0.736,119.0
accuracy,0.9004524886877828,0.9004524886877828,0.9004524886877828,0.9004524886877828
macro avg,0.8825788885107211,0.885585003232062,0.8833865030674846,663.0
weighted avg,0.9027282425587534,0.9004524886877828,0.9010094661743886,663.0
