,precision,recall,f1-score,support
tRNA,0.9803921568627451,1.0,0.99009900990099,50.0
rRNA,1.0,1.0,1.0,325.0
Cis-reg,0.8504672897196262,0.5384615384615384,0.6594202898550725,169.0
sRNA,0.5666666666666667,0.8571428571428571,0.6822742474916388,119.0
accuracy,0.8567119155354449,0.8567119155354449,0.8567119155354449,0.8567119155354449
macro avg,0.8493815283122594,0.8489010989010989,0.8329483868119253,663.0
weighted avg,0.8826273199684576,0.8567119155354449,0.8554111839095954,663.0
