,precision,recall,f1-score,support
tRNA,0.9803921568627451,1.0,0.99009900990099,50.0
rRNA,1.0,1.0,1.0,325.0
Cis-reg,0.8725490196078431,0.5266272189349113,0.6568265682656828,169.0
sRNA,0.5675675675675675,0.8823529411764706,0.6907894736842105,119.0
accuracy,0.8582202111613876,0.8582202111613876,0.8582202111613876,0.8582202111613876
macro avg,0.855127186009539,0.8522450400278455,0.8344287629627208,663.0
weighted avg,0.8884176963761738,0.8582202111613876,0.8562784131227315,663.0
