,precision,recall,f1-score,support
tRNA,0.847457627118644,1.0,0.9174311926605504,50.0
rRNA,1.0,0.9969230769230769,0.9984591679506933,325.0
Cis-reg,0.8292682926829268,0.8047337278106509,0.8168168168168168,169.0
sRNA,0.7413793103448276,0.7226890756302521,0.7319148936170213,119.0
accuracy,0.8989441930618401,0.8989441930618401,0.8989441930618401,0.8989441930618401
macro avg,0.8545263075365996,0.881086470090995,0.8661555177612704,663.0
weighted avg,0.898557105204195,0.8989441930618401,0.8982061894411318,663.0
