,precision,recall,f1-score,support
tRNA,0.9803921568627451,1.0,0.99009900990099,50.0
rRNA,0.9558823529411765,1.0,0.9774436090225563,325.0
Cis-reg,0.7470588235294118,0.7514792899408284,0.7492625368731564,169.0
sRNA,0.7058823529411765,0.6050420168067226,0.6515837104072398,119.0
accuracy,0.8657616892911011,0.8657616892911011,0.8657616892911011,0.8657616892911011
macro avg,0.8473039215686275,0.8391303266868878,0.8420972165509856,663.0
weighted avg,0.8596294324668028,0.8657616892911011,0.8617465364968405,663.0
