,precision,recall,f1-score,support
tRNA,0.8333333333333334,1.0,0.9090909090909091,50.0
rRNA,1.0,0.963076923076923,0.9811912225705329,325.0
Cis-reg,0.8910891089108911,0.5325443786982249,0.6666666666666667,169.0
sRNA,0.5873015873015873,0.9327731092436975,0.7207792207792209,119.0
accuracy,0.8506787330316742,0.8506787330316742,0.8506787330316742,0.8506787330316742
macro avg,0.827931007386453,0.8570986027547114,0.8194320047768324,663.0
weighted avg,0.8855951960203562,0.8506787330316742,0.8488402514771684,663.0
