,precision,recall,f1-score,support
tRNA,0.7352941176470589,1.0,0.8474576271186441,50.0
rRNA,1.0,1.0,1.0,325.0
Cis-reg,0.8359375,0.6331360946745562,0.7205387205387206,169.0
sRNA,0.6197183098591549,0.7394957983193278,0.6743295019157087,119.0
accuracy,0.8597285067873304,0.8597285067873304,0.8597285067873304,0.8597285067873304
macro avg,0.7977374818765535,0.843157973248471,0.8105814623932683,663.0
weighted avg,0.8699617228591137,0.8597285067873304,0.8588071430692992,663.0
