,precision,recall,f1-score,support
tRNA,0.9615384615384616,1.0,0.9803921568627451,50.0
rRNA,1.0,1.0,1.0,325.0
Cis-reg,0.9253731343283582,0.7337278106508875,0.8184818481848185,169.0
sRNA,0.7105263157894737,0.907563025210084,0.7970479704797048,119.0
accuracy,0.9155354449472096,0.9155354449472096,0.9155354449472096,0.9155354449472096
macro avg,0.8993594779140734,0.9103227089652429,0.8989804938818171,663.0
weighted avg,0.9261200819869729,0.9155354449472096,0.9158246586326644,663.0
