,precision,recall,f1-score,support
tRNA,0.78125,1.0,0.8771929824561403,50.0
rRNA,1.0,0.9876923076923076,0.9938080495356036,325.0
Cis-reg,0.7707006369426752,0.7159763313609467,0.7423312883435583,169.0
sRNA,0.628099173553719,0.6386554621848739,0.6333333333333333,119.0
accuracy,0.8567119155354449,0.8567119155354449,0.8567119155354449,0.8567119155354449
macro avg,0.7950124526240986,0.835581025309532,0.811666413417159,663.0
weighted avg,0.8583027289535515,0.8567119155354449,0.8562110401487273,663.0
