,precision,recall,f1-score,support
rRNA,1.0,0.9969230769230769,0.9984591679506933,325.0
sRNA,0.65,0.7647058823529411,0.7027027027027027,119.0
Cis-reg,0.8053691275167785,0.7100591715976331,0.7547169811320754,169.0
tRNA,1.0,1.0,1.0,50.0
accuracy,0.8823529411764706,0.8823529411764706,0.8823529411764706,0.8823529411764706
macro avg,0.8638422818791947,0.8679220327184128,0.8639697129463678,663.0
weighted avg,0.8875676961543523,0.8823529411764706,0.8833605143543253,663.0
