,precision,recall,f1-score,support
tRNA,0.9615384615384616,1.0,0.9803921568627451,50.0
rRNA,1.0,0.9846153846153847,0.9922480620155039,325.0
Cis-reg,0.8629032258064516,0.6331360946745562,0.7303754266211605,169.0
sRNA,0.6287425149700598,0.8823529411764706,0.7342657342657342,119.0
accuracy,0.8778280542986425,0.8778280542986425,0.8778280542986425,0.8778280542986425
macro avg,0.8632960505787433,0.8750261051166028,0.859320344941286,663.0
weighted avg,0.8955172360779045,0.8778280542986425,0.8782975829182119,663.0
