,precision,recall,f1-score,support
tRNA,0.141643059490085,1.0,0.24813895781637715,50.0
rRNA,1.0,0.9538461538461539,0.9763779527559054,325.0
Cis-reg,0.0,0.0,0.0,169.0
sRNA,0.0,0.0,0.0,119.0
accuracy,0.5429864253393665,0.5429864253393665,0.5429864253393665,0.5429864253393665
macro avg,0.28541076487252126,0.4884615384615385,0.30612922764307066,663.0
weighted avg,0.5008780587850743,0.5429864253393665,0.4973299887428177,663.0
