,precision,recall,f1-score,support
tRNA,0.9433962264150944,1.0,0.970873786407767,50.0
rRNA,1.0,1.0,1.0,325.0
Cis-reg,0.8942307692307693,0.5502958579881657,0.6813186813186813,169.0
sRNA,0.580110497237569,0.8823529411764706,0.7,119.0
accuracy,0.8642533936651584,0.8642533936651584,0.8642533936651584,0.8642533936651584
macro avg,0.8544343732208581,0.858162199791159,0.8380481169316121,663.0
weighted avg,0.8934056719336733,0.8642533936651584,0.8627248061285755,663.0
