,precision,recall,f1-score,support
tRNA,0.9803921568627451,1.0,0.99009900990099,50.0
rRNA,1.0,1.0,1.0,325.0
Cis-reg,0.898876404494382,0.47337278106508873,0.6201550387596899,169.0
sRNA,0.5505050505050505,0.9159663865546218,0.6876971608832808,119.0
accuracy,0.8506787330316742,0.8506787330316742,0.8506787330316742,0.8506787330316742
macro avg,0.8574434029655444,0.8473347919049276,0.8244878023859903,663.0
weighted avg,0.892066095343573,0.8506787330316742,0.8463757378439631,663.0
