,precision,recall,f1-score,support
tRNA,0.9259259259259259,1.0,0.9615384615384615,50.0
rRNA,0.9969325153374233,1.0,0.9984639016897081,325.0
Cis-reg,0.8373983739837398,0.6094674556213018,0.7054794520547946,169.0
sRNA,0.6,0.8067226890756303,0.6881720430107527,119.0
accuracy,0.8657616892911011,0.8657616892911011,0.8657616892911011,0.8657616892911011
macro avg,0.8400642038117723,0.854047536174233,0.8384134645734291,663.0
weighted avg,0.8796677058585384,0.8657616892911011,0.8653034564730288,663.0
