,precision,recall,f1-score,support
tRNA,0.9259259259259259,1.0,0.9615384615384615,50.0
rRNA,0.975975975975976,1.0,0.9878419452887537,325.0
Cis-reg,0.8322981366459627,0.7928994082840237,0.8121212121212121,169.0
sRNA,0.7739130434782608,0.7478991596638656,0.7606837606837608,119.0
accuracy,0.9019607843137255,0.9019607843137255,0.9019607843137255,0.9019607843137255
macro avg,0.8770282705065314,0.8851996419869723,0.880546344908047,663.0
weighted avg,0.8993099935981436,0.9019607843137255,0.9002947325273309,663.0
