,precision,recall,f1-score,support
tRNA,0.819672131147541,1.0,0.9009009009009009,50.0
rRNA,1.0,0.9538461538461539,0.9763779527559054,325.0
Cis-reg,0.7294117647058823,0.7337278106508875,0.7315634218289085,169.0
sRNA,0.6639344262295082,0.680672268907563,0.6721991701244814,119.0
accuracy,0.8521870286576169,0.8521870286576169,0.8521870286576169,0.8521870286576169
macro avg,0.803254580520733,0.8420615583511513,0.820260361402549,663.0
weighted avg,0.8571076795082694,0.8521870286576169,0.8536859716811661,663.0
