,precision,recall,f1-score,support
tRNA,0.847457627118644,1.0,0.9174311926605504,50.0
rRNA,0.9848484848484849,1.0,0.9923664122137404,325.0
Cis-reg,0.7554347826086957,0.8224852071005917,0.7875354107648724,169.0
sRNA,0.7111111111111111,0.5378151260504201,0.6124401913875598,119.0
accuracy,0.8717948717948718,0.8717948717948718,0.8717948717948718,0.8717948717948718
macro avg,0.824713001421734,0.8400750832877529,0.8274433017566808,663.0
weighted avg,0.866876831696503,0.8717948717948718,0.8663114793316384,663.0
