,precision,recall,f1-score,support
tRNA,0.819672131147541,1.0,0.9009009009009009,50.0
rRNA,1.0,0.9569230769230769,0.9779874213836477,325.0
Cis-reg,0.8,0.757396449704142,0.7781155015197568,169.0
sRNA,0.7175572519083969,0.7899159663865546,0.752,119.0
accuracy,0.8793363499245852,0.8793363499245852,0.8793363499245852,0.8793363499245852
macro avg,0.8343073457639846,0.8760588732534433,0.8522509559510765,663.0
weighted avg,0.8847253688302811,0.8793363499245852,0.8806643691577216,663.0
