,precision,recall,f1-score,support
tRNA,1.0,1.0,1.0,50.0
rRNA,1.0,1.0,1.0,325.0
Cis-reg,0.8452380952380952,0.42011834319526625,0.5612648221343873,169.0
sRNA,0.5196078431372549,0.8907563025210085,0.6563467492260062,119.0
accuracy,0.832579185520362,0.832579185520362,0.832579185520362,0.832579185520362
macro avg,0.8412114845938375,0.8277186614290687,0.8044028928400984,663.0
weighted avg,0.8743266537384184,0.832579185520362,0.8264841901939761,663.0
