,precision,recall,f1-score,support
tRNA,0.9090909090909091,1.0,0.9523809523809523,50.0
rRNA,1.0,1.0,1.0,325.0
Cis-reg,0.8164556962025317,0.7633136094674556,0.7889908256880733,169.0
sRNA,0.688,0.7226890756302521,0.7049180327868853,119.0
accuracy,0.889894419306184,0.889894419306184,0.889894419306184,0.889894419306184
macro avg,0.8533866513233601,0.871500671274427,0.8615724527139778,663.0
weighted avg,0.890358307862403,0.889894419306184,0.8896587376500321,663.0
