,precision,recall,f1-score,support
tRNA,0.8620689655172413,1.0,0.9259259259259259,50.0
rRNA,1.0,1.0,1.0,325.0
Cis-reg,0.7569060773480663,0.8106508875739645,0.7828571428571428,169.0
sRNA,0.696969696969697,0.5798319327731093,0.6330275229357799,119.0
accuracy,0.8763197586726998,0.8763197586726998,0.8763197586726998,0.8763197586726998
macro avg,0.8289861849587512,0.8476207050867685,0.8354526479297122,663.0
weighted avg,0.8732427892716128,0.8763197586726998,0.8731967249902131,663.0
