,precision,recall,f1-score,support
tRNA,0.9803921568627451,1.0,0.99009900990099,50.0
rRNA,1.0,0.9938461538461538,0.9969135802469136,325.0
Cis-reg,0.7483443708609272,0.6686390532544378,0.7062499999999999,169.0
sRNA,0.5942028985507246,0.6890756302521008,0.6381322957198443,119.0
accuracy,0.8567119155354449,0.8567119155354449,0.8567119155354449,0.8567119155354449
macro avg,0.8307348565685992,0.837890209338173,0.8328487214669369,663.0
weighted avg,0.8615383883049325,0.8567119155354449,0.857912303568564,663.0
