,precision,recall,f1-score,support
rRNA,1.0,0.9938461538461538,0.9969135802469136,325.0
sRNA,0.5679012345679012,0.773109243697479,0.6548042704626335,119.0
Cis-reg,0.7964601769911505,0.5325443786982249,0.6382978723404257,169.0
tRNA,0.7692307692307693,1.0,0.8695652173913044,50.0
accuracy,0.8371040723981901,0.8371040723981901,0.8371040723981901,0.8371040723981901
macro avg,0.7833980451974552,0.8248749440604645,0.7898952351103192,663.0
weighted avg,0.8531577002814829,0.8371040723981901,0.834493549110705,663.0
