,precision,recall,f1-score,support
tRNA,0.9615384615384616,1.0,0.9803921568627451,50.0
rRNA,1.0,1.0,1.0,325.0
Cis-reg,0.8666666666666667,0.6923076923076923,0.7697368421052632,169.0
sRNA,0.6688741721854304,0.8487394957983193,0.7481481481481481,119.0
accuracy,0.8944193061840121,0.8944193061840121,0.8944193061840121,0.8944193061840121
macro avg,0.8742698250976397,0.885261797026503,0.8745692867790391,663.0
weighted avg,0.9036796624942022,0.8944193061840121,0.8946225698168271,663.0
