,precision,recall,f1-score,support
tRNA,0.8928571428571429,1.0,0.9433962264150945,50.0
rRNA,0.9968944099378882,0.9876923076923076,0.9922720247295209,325.0
Cis-reg,0.8245614035087719,0.834319526627219,0.8294117647058824,169.0
sRNA,0.7719298245614035,0.7394957983193278,0.7553648068669527,119.0
accuracy,0.9049773755656109,0.9049773755656109,0.9049773755656109,0.9049773755656109
macro avg,0.8715606952163015,0.8903769081597136,0.8801112056793627,663.0
weighted avg,0.9047421820338768,0.9049773755656109,0.9045508591407398,663.0
