,precision,recall,f1-score,support
tRNA,1.0,1.0,1.0,50.0
rRNA,1.0,1.0,1.0,325.0
Cis-reg,0.8412698412698413,0.6272189349112426,0.7186440677966102,169.0
sRNA,0.6111111111111112,0.8319327731092437,0.704626334519573,119.0
accuracy,0.8748114630467572,0.8748114630467572,0.8748114630467572,0.8748114630467572
macro avg,0.8630952380952381,0.8647879270051216,0.8558176005790459,663.0
weighted avg,0.8897388015035073,0.8748114630467572,0.875266035091186,663.0
