,precision,recall,f1-score,support
tRNA,0.9803921568627451,1.0,0.99009900990099,50.0
rRNA,1.0,1.0,1.0,325.0
Cis-reg,0.775,0.7337278106508875,0.7537993920972644,169.0
sRNA,0.6456692913385826,0.6890756302521008,0.6666666666666666,119.0
accuracy,0.8763197586726998,0.8763197586726998,0.8763197586726998,0.8763197586726998
macro avg,0.850265362050332,0.8557008602257472,0.8526412671662302,663.0
weighted avg,0.8775705181182936,0.8763197586726998,0.876667241467301,663.0
