,precision,recall,f1-score,support
tRNA,0.7246376811594203,1.0,0.8403361344537814,50.0
rRNA,1.0,0.9969230769230769,0.9984591679506933,325.0
Cis-reg,0.7928571428571428,0.6568047337278107,0.7184466019417476,169.0
sRNA,0.6076923076923076,0.6638655462184874,0.6345381526104418,119.0
accuracy,0.8506787330316742,0.8506787330316742,0.8506787330316742,0.8506787330316742
macro avg,0.7812967829272177,0.8293983392173437,0.797945014239166,663.0
weighted avg,0.8560182893155546,0.8506787330316742,0.8498394452420246,663.0
