,precision,recall,f1-score,support
tRNA,0.9615384615384616,1.0,0.9803921568627451,50.0
rRNA,1.0,0.9969230769230769,0.9984591679506933,325.0
Cis-reg,0.8461538461538461,0.4556213017751479,0.5923076923076923,169.0
sRNA,0.5306122448979592,0.8739495798319328,0.6603174603174603,119.0
accuracy,0.8371040723981901,0.8371040723981901,0.8371040723981901,0.8371040723981901
macro avg,0.8345761381475668,0.8316234896325394,0.8078691193596478,663.0
weighted avg,0.8736346609649777,0.8371040723981901,0.8328757393738919,663.0
