,precision,recall,f1-score,support
tRNA,0.8771929824561403,1.0,0.9345794392523363,50.0
rRNA,1.0,0.9538461538461539,0.9763779527559054,325.0
Cis-reg,0.7033898305084746,0.4911242603550296,0.578397212543554,169.0
sRNA,0.5280898876404494,0.7899159663865546,0.6329966329966329,119.0
accuracy,0.8099547511312217,0.8099547511312217,0.8099547511312217,0.8099547511312217
macro avg,0.777168175151266,0.8087215951469345,0.7805878093871071,663.0
weighted avg,0.8304302067993254,0.8099547511312217,0.8101471113947905,663.0
