,precision,recall,f1-score,support
rRNA,1.0,1.0,1.0,325.0
sRNA,0.5433526011560693,0.7899159663865546,0.6438356164383561,119.0
Cis-reg,0.7894736842105263,0.5325443786982249,0.6360424028268551,169.0
tRNA,0.9803921568627451,1.0,0.99009900990099,50.0
accuracy,0.8431372549019608,0.8431372549019608,0.8431372549019608,0.8431372549019608
macro avg,0.8283046105573353,0.8306150862711948,0.8174942572915503,663.0
weighted avg,0.8628953544680066,0.8431372549019608,0.8425528731960066,663.0
