,precision,recall,f1-score,support
tRNA,0.8620689655172413,1.0,0.9259259259259259,50.0
rRNA,1.0,0.9569230769230769,0.9779874213836477,325.0
Cis-reg,0.7692307692307693,0.7100591715976331,0.7384615384615385,169.0
sRNA,0.6739130434782609,0.7815126050420168,0.7237354085603114,119.0
accuracy,0.8657616892911011,0.8657616892911011,0.8657616892911011,0.8657616892911011
macro avg,0.8263031945565679,0.8621237133906817,0.8415275735828559,663.0
weighted avg,0.8722460036949851,0.8657616892911011,0.8673706212136635,663.0
