,precision,recall,f1-score,support
tRNA,0.9803921568627451,1.0,0.99009900990099,50.0
rRNA,0.9789156626506024,1.0,0.989345509893455,325.0
Cis-reg,0.7784810126582279,0.727810650887574,0.7522935779816514,169.0
sRNA,0.639344262295082,0.6554621848739496,0.6473029045643155,119.0
accuracy,0.8687782805429864,0.8687782805429864,0.8687782805429864,0.8687782805429864
macro avg,0.8442832736166643,0.8458182089403808,0.8447602505851031,663.0
weighted avg,0.8669871139621995,0.8687782805429864,0.8675850701847285,663.0
