,precision,recall,f1-score,support
tRNA,0.78125,1.0,0.8771929824561403,50.0
rRNA,0.9969230769230769,0.9969230769230769,0.9969230769230769,325.0
Cis-reg,0.8444444444444444,0.6745562130177515,0.75,169.0
sRNA,0.6474820143884892,0.7563025210084033,0.6976744186046512,119.0
accuracy,0.8717948717948718,0.8717948717948718,0.8717948717948718,0.8717948717948718
macro avg,0.8175248839390027,0.8569454527373079,0.830447619495967,663.0
weighted avg,0.8790708458873927,0.8717948717948718,0.8712411839166825,663.0
