,precision,recall,f1-score,support
tRNA,0.8064516129032258,1.0,0.8928571428571428,50.0
rRNA,0.9781931464174455,0.9661538461538461,0.9721362229102166,325.0
Cis-reg,0.8157894736842105,0.7337278106508875,0.7725856697819315,169.0
sRNA,0.7109375,0.7647058823529411,0.7368421052631579,119.0
accuracy,0.8733031674208145,0.8733031674208145,0.8733031674208145,0.8733031674208145
macro avg,0.8278429332512205,0.8661468847894187,0.8436052852031123,663.0
weighted avg,0.8758753194320703,0.8733031674208145,0.8730593036321866,663.0
