,precision,recall,f1-score,support
rRNA,1.0,1.0,1.0,325.0
sRNA,0.6821192052980133,0.865546218487395,0.762962962962963,119.0
Cis-reg,0.8832116788321168,0.7159763313609467,0.7908496732026143,169.0
tRNA,1.0,1.0,1.0,50.0
accuracy,0.9034690799396682,0.9034690799396682,0.9034690799396682,0.9034690799396682
macro avg,0.8913327210325326,0.8953806374620854,0.8884531590413943,663.0
weighted avg,0.9131749006833957,0.9034690799396682,0.9041420623888905,663.0
