,precision,recall,f1-score,support
rRNA,1.0,1.0,1.0,325.0
sRNA,0.5401069518716578,0.8487394957983193,0.6601307189542484,119.0
Cis-reg,0.83,0.4911242603550296,0.6171003717472119,169.0
tRNA,0.9803921568627451,1.0,0.99009900990099,50.0
accuracy,0.8431372549019608,0.8431372549019608,0.8431372549019608,0.8431372549019608
macro avg,0.8376247771836007,0.8349659390383373,0.8168325251506126,663.0
weighted avg,0.8726430393904442,0.8431372549019608,0.8406492743226001,663.0
