,precision,recall,f1-score,support
rRNA,1.0,1.0,1.0,325.0
sRNA,0.6122448979591837,0.7563025210084033,0.6766917293233082,119.0
Cis-reg,0.8,0.6627218934911243,0.7249190938511326,169.0
tRNA,0.9803921568627451,1.0,0.99009900990099,50.0
accuracy,0.8702865761689291,0.8702865761689291,0.8702865761689291,0.8702865761689291
macro avg,0.8481592637054822,0.8547561036248819,0.8479274582688577,663.0
weighted avg,0.8779438170441631,0.8702865761689291,0.8711049670367489,663.0
