,precision,recall,f1-score,support
rRNA,1.0,1.0,1.0,325.0
sRNA,0.5679012345679012,0.773109243697479,0.6548042704626335,119.0
Cis-reg,0.792,0.5857988165680473,0.6734693877551021,169.0
tRNA,0.9803921568627451,1.0,0.99009900990099,50.0
accuracy,0.8536953242835595,0.8536953242835595,0.8536953242835595,0.8536953242835595
macro avg,0.8350733478576615,0.8397270150663816,0.8295931670296814,663.0
weighted avg,0.8679454822876584,0.8536953242835595,0.85406181781405,663.0
