,precision,recall,f1-score,support
rRNA,1.0,1.0,1.0,325.0
sRNA,0.6614173228346457,0.7058823529411765,0.6829268292682927,119.0
Cis-reg,0.7974683544303798,0.7455621301775148,0.7706422018348623,169.0
tRNA,0.9433962264150944,1.0,0.970873786407767,50.0
accuracy,0.8823529411764706,0.8823529411764706,0.8823529411764706,0.8823529411764706
macro avg,0.8505704759200301,0.8628611207796728,0.8561107043777305,663.0
weighted avg,0.8833342754703042,0.8823529411764706,0.8824291313927705,663.0
