,precision,recall,f1-score,support
rRNA,1.0,1.0,1.0,325.0
sRNA,0.6422764227642277,0.6638655462184874,0.652892561983471,119.0
Cis-reg,0.8064516129032258,0.7396449704142012,0.7716049382716049,169.0
tRNA,0.8333333333333334,1.0,0.9090909090909091,50.0
accuracy,0.8733031674208145,0.8733031674208145,0.8733031674208145,0.8733031674208145
macro avg,0.8205153422501967,0.8508776291581721,0.8333971023364962,663.0
weighted avg,0.8738882104920889,0.8733031674208145,0.8726244266945397,663.0
