,precision,recall,f1-score,support
rRNA,1.0,1.0,1.0,325.0
sRNA,0.5129533678756477,0.8319327731092437,0.6346153846153846,119.0
Cis-reg,0.7978723404255319,0.4437869822485207,0.5703422053231939,169.0
tRNA,0.9803921568627451,1.0,0.99009900990099,50.0
accuracy,0.8280542986425339,0.8280542986425339,0.8280542986425339,0.8280542986425339
macro avg,0.8228044662909813,0.8189299388394411,0.7987641499598921,663.0
weighted avg,0.8595799157650893,0.8280542986425339,0.8241508506242835,663.0
