,precision,recall,f1-score,support
rRNA,1.0,1.0,1.0,325.0
sRNA,0.6408450704225352,0.7647058823529411,0.6973180076628352,119.0
Cis-reg,0.8194444444444444,0.6982248520710059,0.7539936102236422,169.0
tRNA,0.9615384615384616,1.0,0.9803921568627451,50.0
accuracy,0.8808446455505279,0.8808446455505279,0.8808446455505279,0.8808446455505279
macro avg,0.8554569941013603,0.8657326836059868,0.8579259436873057,663.0
weighted avg,0.8866117610381838,0.8808446455505279,0.8814862305924739,663.0
