,precision,recall,f1-score,support
rRNA,1.0,1.0,1.0,325.0
sRNA,0.5950920245398773,0.8151260504201681,0.6879432624113476,119.0
Cis-reg,0.8306451612903226,0.6094674556213018,0.7030716723549487,169.0
tRNA,0.9803921568627451,1.0,0.99009900990099,50.0
accuracy,0.8672699849170438,0.8672699849170438,0.8672699849170438,0.8672699849170438
macro avg,0.8515323356732363,0.8561483765103675,0.8452784861668216,663.0
weighted avg,0.882676607875486,0.8672699849170438,0.8675555223981691,663.0
