,precision,recall,f1-score,support
rRNA,1.0,1.0,1.0,325.0
sRNA,0.538860103626943,0.8739495798319328,0.6666666666666666,119.0
Cis-reg,0.851063829787234,0.47337278106508873,0.6083650190114068,169.0
tRNA,0.9803921568627451,1.0,0.99009900990099,50.0
accuracy,0.8431372549019608,0.8431372549019608,0.8431372549019608,0.8431372549019608
macro avg,0.8425790225692306,0.8368305902242554,0.8162826738947658,663.0
weighted avg,0.8777884576301449,0.8431372549019608,0.8395957346022783,663.0
