,precision,recall,f1-score,support
rRNA,1.0,1.0,1.0,325.0
sRNA,0.6033057851239669,0.6134453781512605,0.6083333333333334,119.0
Cis-reg,0.7610062893081762,0.7159763313609467,0.7378048780487806,169.0
tRNA,0.8620689655172413,1.0,0.9259259259259259,50.0
accuracy,0.8582202111613876,0.8582202111613876,0.8582202111613876,0.8582202111613876
macro avg,0.806595259987346,0.8323554273780518,0.81801603432701,663.0
weighted avg,0.8574764699829502,0.8582202111613876,0.8572805239113227,663.0
