,precision,recall,f1-score,support
tRNA,0.8928571428571429,1.0,0.9433962264150945,50.0
rRNA,0.9938650306748467,0.9969230769230769,0.9953917050691243,325.0
Cis-reg,0.8851351351351351,0.7751479289940828,0.8264984227129336,169.0
sRNA,0.7218045112781954,0.8067226890756303,0.7619047619047619,119.0
accuracy,0.9064856711915535,0.9064856711915535,0.9064856711915535,0.9064856711915535
macro avg,0.87341545498633,0.8946984237481974,0.8817977790254785,663.0
weighted avg,0.9097007040605208,0.9064856711915535,0.9065113357064443,663.0
