,precision,recall,f1-score,support
tRNA,1.0,1.0,1.0,50.0
rRNA,1.0,0.9938461538461538,0.9969135802469136,325.0
Cis-reg,0.8290598290598291,0.5739644970414202,0.6783216783216783,169.0
sRNA,0.5838150289017341,0.8487394957983193,0.6917808219178083,119.0
accuracy,0.861236802413273,0.861236802413273,0.861236802413273,0.861236802413273
macro avg,0.8532187144903909,0.8541375366714733,0.8417540201216,663.0
weighted avg,0.8817271486431636,0.861236802413273,0.8611692232652031,663.0
