,precision,recall,f1-score,support
tRNA,0.9615384615384616,1.0,0.9803921568627451,50.0
rRNA,1.0,0.9846153846153847,0.9922480620155039,325.0
Cis-reg,0.7703703703703704,0.6153846153846154,0.6842105263157895,169.0
sRNA,0.5897435897435898,0.773109243697479,0.6690909090909092,119.0
accuracy,0.8536953242835595,0.8536953242835595,0.8536953242835595,0.8536953242835595
macro avg,0.8304131054131055,0.8432773109243697,0.8314854135712368,663.0
weighted avg,0.8649306226983453,0.8536953242835595,0.8548320137667611,663.0
