,precision,recall,f1-score,support
tRNA,0.8928571428571429,1.0,0.9433962264150945,50.0
rRNA,0.9878419452887538,1.0,0.9938837920489296,325.0
Cis-reg,0.873015873015873,0.650887573964497,0.7457627118644067,169.0
sRNA,0.631578947368421,0.8067226890756303,0.7084870848708488,119.0
accuracy,0.8763197586726998,0.8763197586726998,0.8763197586726998,0.8763197586726998
macro avg,0.8463234771325476,0.8644025657600318,0.8478824537998199,663.0
weighted avg,0.8874646555629362,0.8763197586726998,0.8756046834711503,663.0
