,precision,recall,f1-score,support
tRNA,1.0,1.0,1.0,50.0
rRNA,1.0,0.9538461538461539,0.9763779527559054,325.0
Cis-reg,0.7717391304347826,0.42011834319526625,0.5440613026819923,169.0
sRNA,0.5355450236966824,0.9495798319327731,0.6848484848484847,119.0
accuracy,0.8205128205128205,0.8205128205128205,0.8205128205128205,0.8205128205128205
macro avg,0.8268210385328663,0.8308860822435484,0.8013219350715957,663.0
weighted avg,0.8584521430820263,0.8205128205128205,0.8156352405669617,663.0
