,precision,recall,f1-score,support
tRNA,1.0,1.0,1.0,50.0
rRNA,1.0,1.0,1.0,325.0
Cis-reg,0.8863636363636364,0.46153846153846156,0.6070038910505837,169.0
sRNA,0.545,0.9159663865546218,0.6833855799373041,119.0
accuracy,0.8476621417797888,0.8476621417797888,0.8476621417797888,0.8476621417797888
macro avg,0.857840909090909,0.8443762120232708,0.822597367746972,663.0
weighted avg,0.8893672014260249,0.8476621417797888,0.8429962920061657,663.0
