,precision,recall,f1-score,support
tRNA,1.0,1.0,1.0,50.0
rRNA,1.0,1.0,1.0,325.0
Cis-reg,0.8154761904761905,0.8106508875739645,0.8130563798219584,169.0
sRNA,0.7333333333333333,0.7394957983193278,0.7364016736401673,119.0
accuracy,0.9049773755656109,0.9049773755656109,0.9049773755656109,0.9049773755656109
macro avg,0.887202380952381,0.887536671473323,0.8873645133655315,663.0
weighted avg,0.9051012712777418,0.9049773755656109,0.9050351845446319,663.0
