,precision,recall,f1-score,support
rRNA,1.0,1.0,1.0,325.0
sRNA,0.49404761904761907,0.6974789915966386,0.578397212543554,119.0
Cis-reg,0.8217821782178217,0.4911242603550296,0.6148148148148148,169.0
tRNA,0.7246376811594203,1.0,0.8403361344537814,50.0
accuracy,0.8159879336349924,0.8159879336349924,0.8159879336349924,0.8159879336349924
macro avg,0.7601168696062153,0.797150812987917,0.7583870404530375,663.0
weighted avg,0.8429935729162135,0.8159879336349924,0.8141022303455139,663.0
