,precision,recall,f1-score,support
tRNA,0.9803921568627451,1.0,0.99009900990099,50.0
rRNA,1.0,0.9938461538461538,0.9969135802469136,325.0
Cis-reg,0.8783783783783784,0.7692307692307693,0.8201892744479496,169.0
sRNA,0.723404255319149,0.8571428571428571,0.7846153846153846,119.0
accuracy,0.9125188536953243,0.9125188536953243,0.9125188536953243,0.9125188536953243
macro avg,0.8955436976400681,0.9050549450549451,0.8979543123028094,663.0
weighted avg,0.9178742989020542,0.9125188536953243,0.9132474845041186,663.0
