,precision,recall,f1-score,support
rRNA,1.0,1.0,1.0,325.0
sRNA,0.5393939393939394,0.7478991596638656,0.6267605633802816,119.0
Cis-reg,0.7540983606557377,0.5443786982248521,0.6323024054982818,169.0
tRNA,0.9803921568627451,1.0,0.99009900990099,50.0
accuracy,0.8386123680241327,0.8386123680241327,0.8386123680241327,0.8386123680241327
macro avg,0.8184711142281056,0.8230694644721794,0.8122904946948883,663.0
weighted avg,0.8531675860962832,0.8386123680241327,0.8385347874306375,663.0
