,precision,recall,f1-score,support
tRNA,0.9433962264150944,1.0,0.970873786407767,50.0
rRNA,1.0,1.0,1.0,325.0
Cis-reg,0.8723404255319149,0.727810650887574,0.7935483870967742,169.0
sRNA,0.6875,0.8319327731092437,0.752851711026616,119.0
accuracy,0.9004524886877828,0.9004524886877828,0.9004524886877828,0.9004524886877828
macro avg,0.8758091629867524,0.8899358559992044,0.8793184711327893,663.0
weighted avg,0.9071008193599522,0.9004524886877828,0.9008185827328967,663.0
