,precision,recall,f1-score,support
tRNA,0.8064516129032258,1.0,0.8928571428571428,50.0
rRNA,1.0,0.9538461538461539,0.9763779527559054,325.0
Cis-reg,0.7909604519774012,0.8284023668639053,0.8092485549132948,169.0
sRNA,0.7456140350877193,0.7142857142857143,0.7296137339055795,119.0
accuracy,0.8823529411764706,0.8823529411764706,0.8823529411764706,0.8823529411764706
macro avg,0.8357565249920865,0.8741335587489434,0.8520243461079806,663.0
weighted avg,0.8864599807010266,0.8823529411764706,0.8831866242890456,663.0
