,precision,recall,f1-score,support
tRNA,1.0,1.0,1.0,50.0
rRNA,1.0,1.0,1.0,325.0
Cis-reg,0.8787878787878788,0.514792899408284,0.6492537313432836,169.0
sRNA,0.5661375661375662,0.8991596638655462,0.6948051948051948,119.0
accuracy,0.8582202111613876,0.8582202111613876,0.8582202111613876,0.8582202111613876
macro avg,0.8612313612313612,0.8534881408184575,0.8360147315371196,663.0
weighted avg,0.891230048092793,0.8582202111613876,0.8558155336030665,663.0
