,precision,recall,f1-score,support
tRNA,0.7692307692307693,1.0,0.8695652173913044,50.0
rRNA,1.0,0.9938461538461538,0.9969135802469136,325.0
Cis-reg,0.9186046511627907,0.46745562130177515,0.6196078431372549,169.0
sRNA,0.5291005291005291,0.8403361344537815,0.6493506493506495,119.0
accuracy,0.832579185520362,0.832579185520362,0.832579185520362,0.832579185520362
macro avg,0.8042339873735223,0.8254094774004277,0.7838593225315306,663.0
weighted avg,0.8773283370603514,0.832579185520362,0.828750568948319,663.0
