,precision,recall,f1-score,support
tRNA,0.9259259259259259,1.0,0.9615384615384615,50.0
rRNA,1.0,0.9723076923076923,0.9859594383775351,325.0
Cis-reg,0.7483870967741936,0.6863905325443787,0.7160493827160493,169.0
sRNA,0.6304347826086957,0.7310924369747899,0.6770428015564203,119.0
accuracy,0.8582202111613876,0.8582202111613876,0.8582202111613876,0.8582202111613876
macro avg,0.8261869513272039,0.8474476654567152,0.8351475210471166,663.0
weighted avg,0.8639448790068925,0.8582202111613876,0.8598705574869508,663.0
