,precision,recall,f1-score,support
tRNA,0.9803921568627451,1.0,0.99009900990099,50.0
rRNA,1.0,0.9938461538461538,0.9969135802469136,325.0
Cis-reg,0.84,0.4970414201183432,0.62453531598513,169.0
sRNA,0.5502645502645502,0.8739495798319328,0.6753246753246753,119.0
accuracy,0.8461538461538461,0.8461538461538461,0.8461538461538461,0.8461538461538461
macro avg,0.8426641767818238,0.8412092884491075,0.8217181453644271,663.0
weighted avg,0.8770152176841912,0.8461538461538461,0.8437586257019906,663.0
