,precision,recall,f1-score,support
tRNA,0.9433962264150944,1.0,0.970873786407767,50.0
rRNA,1.0,1.0,1.0,325.0
Cis-reg,0.8389261744966443,0.7396449704142012,0.7861635220125786,169.0
sRNA,0.6764705882352942,0.773109243697479,0.7215686274509803,119.0
accuracy,0.8929110105580694,0.8929110105580694,0.8929110105580694,0.8929110105580694
macro avg,0.8646982472867581,0.87818855352792,0.8696514839678315,663.0
weighted avg,0.8966038232438727,0.8929110105580694,0.893321253706155,663.0
