,precision,recall,f1-score,support
tRNA,1.0,1.0,1.0,50.0
rRNA,1.0,0.9938461538461538,0.9969135802469136,325.0
Cis-reg,0.7123287671232876,0.9230769230769231,0.8041237113402061,169.0
sRNA,0.8169014084507042,0.48739495798319327,0.6105263157894737,119.0
accuracy,0.8853695324283559,0.8853695324283559,0.8853695324283559,0.8853695324283559
macro avg,0.882307543893498,0.8510795087265676,0.8528909018441484,663.0
weighted avg,0.8938081889132269,0.8853695324283559,0.8786522660266805,663.0
