,precision,recall,f1-score,support
rRNA,1.0,1.0,1.0,325.0
sRNA,0.7205882352941176,0.8235294117647058,0.7686274509803922,119.0
Cis-reg,0.8618421052631579,0.7751479289940828,0.8161993769470405,169.0
tRNA,1.0,1.0,1.0,50.0
accuracy,0.9110105580693816,0.9110105580693816,0.9110105580693816,0.9110105580693816
macro avg,0.8956075851393189,0.8996693351896972,0.8962067069818581,663.0
weighted avg,0.9146324521711517,0.9110105580693816,0.9116204545561335,663.0
