,precision,recall,f1-score,support
rRNA,1.0,0.9907692307692307,0.9953632148377125,325.0
sRNA,0.6136363636363636,0.907563025210084,0.7322033898305085,119.0
Cis-reg,0.8761061946902655,0.5857988165680473,0.7021276595744681,169.0
tRNA,0.9615384615384616,1.0,0.9803921568627451,50.0
accuracy,0.8733031674208145,0.8733031674208145,0.8733031674208145,0.8733031674208145
macro avg,0.8628202549662727,0.8710327681368405,0.8525216052763586,663.0
weighted avg,0.896171338238771,0.8733031674208145,0.8722540430215829,663.0
