,precision,recall,f1-score,support
tRNA,0.9433962264150944,1.0,0.970873786407767,50.0
rRNA,1.0,0.9538461538461539,0.9763779527559054,325.0
Cis-reg,0.7752808988764045,0.40828402366863903,0.5348837209302325,169.0
sRNA,0.5308056872037915,0.9411764705882353,0.6787878787878788,119.0
accuracy,0.8159879336349924,0.8159879336349924,0.8159879336349924,0.8159879336349924
macro avg,0.8123707031238226,0.825826662025757,0.790230834720446,663.0
weighted avg,0.854235535457192,0.8159879336349924,0.8100115088673069,663.0
