,precision,recall,f1-score,support
tRNA,0.7575757575757576,1.0,0.8620689655172413,50.0
rRNA,1.0,1.0,1.0,325.0
Cis-reg,0.832258064516129,0.7633136094674556,0.7962962962962964,169.0
sRNA,0.7435897435897436,0.7310924369747899,0.7372881355932203,119.0
accuracy,0.8914027149321267,0.8914027149321267,0.8914027149321267,0.8914027149321267
macro avg,0.8333558914204076,0.8736015116105614,0.8489133493516895,663.0
weighted avg,0.8929375268011962,0.8914027149321267,0.8905200761471032,663.0
