,precision,recall,f1-score,support
tRNA,0.847457627118644,1.0,0.9174311926605504,50.0
rRNA,1.0,0.9938461538461538,0.9969135802469136,325.0
Cis-reg,0.8283582089552238,0.6568047337278107,0.7326732673267327,169.0
sRNA,0.6190476190476191,0.7647058823529411,0.6842105263157895,119.0
accuracy,0.8672699849170438,0.8672699849170438,0.8672699849170438,0.8672699849170438
macro avg,0.8237158637803718,0.8538391924817264,0.8328071416374965,663.0
weighted avg,0.8763681528446933,0.8672699849170438,0.8674378703213743,663.0
