,precision,recall,f1-score,support
rRNA,1.0,0.9538461538461539,0.9763779527559054,325.0
sRNA,0.7073170731707317,0.7310924369747899,0.7190082644628099,119.0
Cis-reg,0.8387096774193549,0.7692307692307693,0.8024691358024693,169.0
tRNA,0.6666666666666666,1.0,0.8,50.0
accuracy,0.8702865761689291,0.8702865761689291,0.8702865761689291,0.8702865761689291
macro avg,0.8031733543141882,0.8635423400129283,0.8244638382552962,663.0
weighted avg,0.8812156870656432,0.8702865761689291,0.8725521901468491,663.0
