,precision,recall,f1-score,support
tRNA,0.8064516129032258,1.0,0.8928571428571428,50.0
rRNA,1.0,1.0,1.0,325.0
Cis-reg,0.8502994011976048,0.8402366863905325,0.8452380952380952,169.0
sRNA,0.7706422018348624,0.7058823529411765,0.7368421052631581,119.0
accuracy,0.9064856711915535,0.9064856711915535,0.9064856711915535,0.9064856711915535
macro avg,0.8568483039839232,0.8865297598329273,0.868734335839599,663.0
weighted avg,0.9060778302653167,0.9064856711915535,0.9052372635963967,663.0
