,precision,recall,f1-score,support
rRNA,1.0,1.0,1.0,325.0
sRNA,0.7050359712230215,0.8235294117647058,0.7596899224806202,119.0
Cis-reg,0.8648648648648649,0.757396449704142,0.8075709779179812,169.0
tRNA,0.9803921568627451,1.0,0.99009900990099,50.0
accuracy,0.9064856711915535,0.9064856711915535,0.9064856711915535,0.9064856711915535
macro avg,0.8875732482376579,0.895231465367212,0.8893399775748978,663.0
weighted avg,0.9111328063059412,0.9064856711915535,0.9070702059402443,663.0
