,precision,recall,f1-score,support
tRNA,1.0,1.0,1.0,50.0
rRNA,1.0,0.9538461538461539,0.9763779527559054,325.0
Cis-reg,0.75,0.5857988165680473,0.6578073089700995,169.0
sRNA,0.5029239766081871,0.7226890756302521,0.593103448275862,119.0
accuracy,0.8220211161387632,0.8220211161387632,0.8220211161387632,0.8220211161387632
macro avg,0.8132309941520468,0.8155835115111134,0.8068221775004667,663.0
weighted avg,0.8470557363746217,0.8220211161387632,0.828162262754817,663.0
