,precision,recall,f1-score,support
tRNA,0.9259259259259259,1.0,0.9615384615384615,50.0
rRNA,1.0,0.9815384615384616,0.9906832298136645,325.0
Cis-reg,0.8263888888888888,0.7041420118343196,0.7603833865814696,169.0
sRNA,0.6712328767123288,0.8235294117647058,0.7396226415094339,119.0
accuracy,0.8838612368024132,0.8838612368024132,0.8838612368024132,0.8838612368024132
macro avg,0.8558869228817859,0.8773024712843718,0.8630569298607573,663.0
weighted avg,0.8911504236007324,0.8838612368024132,0.8847192450049095,663.0
