,precision,recall,f1-score,support
tRNA,0.7575757575757576,1.0,0.8620689655172413,50.0
rRNA,1.0,0.9538461538461539,0.9763779527559054,325.0
Cis-reg,0.7810650887573964,0.7810650887573964,0.7810650887573964,169.0
sRNA,0.6949152542372882,0.6890756302521008,0.6919831223628692,119.0
accuracy,0.8657616892911011,0.8657616892911011,0.8657616892911011,0.8657616892911011
macro avg,0.8083890251426105,0.8559967182139128,0.8278737823483531,663.0
weighted avg,0.8711518900950607,0.8657616892911011,0.8669265075154039,663.0
