,precision,recall,f1-score,support
tRNA,0.9803921568627451,1.0,0.99009900990099,50.0
rRNA,1.0,1.0,1.0,325.0
Cis-reg,0.8925619834710744,0.6390532544378699,0.7448275862068966,169.0
sRNA,0.6325301204819277,0.8823529411764706,0.736842105263158,119.0
accuracy,0.8868778280542986,0.8868778280542986,0.8868778280542986,0.8868778280542986
macro avg,0.8763710652039368,0.8803515489035851,0.8679421753427612,663.0
weighted avg,0.9051789855009023,0.8868778280542986,0.88697590209703,663.0
