,precision,recall,f1-score,support
tRNA,0.9090909090909091,1.0,0.9523809523809523,50.0
rRNA,1.0,0.9938461538461538,0.9969135802469136,325.0
Cis-reg,0.72,0.5325443786982249,0.6122448979591837,169.0
sRNA,0.50625,0.680672268907563,0.5806451612903226,119.0
accuracy,0.8205128205128205,0.8205128205128205,0.8205128205128205,0.8205128205128205
macro avg,0.7838352272727273,0.8017657003629854,0.785546147969343,663.0
weighted avg,0.8331497668997668,0.8205128205128205,0.8207875160602488,663.0
