,precision,recall,f1-score,support
tRNA,0.9803921568627451,1.0,0.99009900990099,50.0
rRNA,1.0,0.9538461538461539,0.9763779527559054,325.0
Cis-reg,0.7254901960784313,0.8757396449704142,0.7935656836461126,169.0
sRNA,0.7857142857142857,0.6470588235294118,0.7096774193548386,119.0
accuracy,0.8823529411764706,0.8823529411764706,0.8823529411764706,0.8823529411764706
macro avg,0.8728991596638656,0.869161155586495,0.8674300164144616,663.0
weighted avg,0.8900866530624316,0.8823529411764706,0.8829441909202679,663.0
