,precision,recall,f1-score,support
tRNA,0.9803921568627451,1.0,0.99009900990099,50.0
rRNA,1.0,1.0,1.0,325.0
Cis-reg,0.6611570247933884,0.47337278106508873,0.5517241379310345,169.0
sRNA,0.463855421686747,0.6470588235294118,0.5403508771929826,119.0
accuracy,0.8024132730015083,0.8024132730015083,0.8024132730015083,0.8024132730015083
macro avg,0.7763511508357201,0.780107901148625,0.7705435062562518,663.0
weighted avg,0.8159184618611506,0.8024132730015083,0.8024857981770125,663.0
