,precision,recall,f1-score,support
tRNA,1.0,1.0,1.0,50.0
rRNA,1.0,0.9538461538461539,0.9763779527559054,325.0
Cis-reg,0.7551020408163265,0.6568047337278107,0.7025316455696202,169.0
sRNA,0.6282051282051282,0.8235294117647058,0.7127272727272727,119.0
accuracy,0.8582202111613876,0.8582202111613876,0.8582202111613876,0.8582202111613876
macro avg,0.8458267922553636,0.8585450748346677,0.8479092177631997,663.0
weighted avg,0.8708426171257457,0.8582202111613876,0.8610335266990655,663.0
