,precision,recall,f1-score,support
tRNA,0.8771929824561403,1.0,0.9345794392523363,50.0
rRNA,1.0,1.0,1.0,325.0
Cis-reg,0.7559055118110236,0.5680473372781065,0.6486486486486487,169.0
sRNA,0.564935064935065,0.7310924369747899,0.6373626373626373,119.0
accuracy,0.8416289592760181,0.8416289592760181,0.8416289592760181,0.8416289592760181
macro avg,0.7995083898005573,0.8247849435632242,0.8051476813159056,663.0
weighted avg,0.8504297938855848,0.8416289592760181,0.8404174169387516,663.0
