,precision,recall,f1-score,support
tRNA,1.0,1.0,1.0,50.0
rRNA,1.0,0.9538461538461539,0.9763779527559054,325.0
Cis-reg,0.7051282051282052,0.650887573964497,0.676923076923077,169.0
sRNA,0.5986394557823129,0.7394957983193278,0.6616541353383459,119.0
accuracy,0.8416289592760181,0.8416289592760181,0.8416289592760181,0.8416289592760181
macro avg,0.8259419152276295,0.8360573815324948,0.8287387912543321,663.0
weighted avg,0.8527975292681176,0.8416289592760181,0.8453388789606824,663.0
