,precision,recall,f1-score,support
rRNA,0.9259259259259259,1.0,0.9615384615384615,325.0
sRNA,0.5672514619883041,0.8151260504201681,0.6689655172413794,119.0
Cis-reg,0.7948717948717948,0.3668639053254438,0.5020242914979757,169.0
tRNA,0.7936507936507936,1.0,0.8849557522123894,50.0
accuracy,0.8054298642533937,0.8054298642533937,0.8054298642533937,0.8054298642533937
macro avg,0.7704249941092046,0.7954974889364029,0.7543710056225514,663.0
weighted avg,0.8181670028935251,0.8054298642533937,0.7861188377458544,663.0
