,precision,recall,f1-score,support
tRNA,0.847457627118644,1.0,0.9174311926605504,50.0
rRNA,1.0,0.9969230769230769,0.9984591679506933,325.0
Cis-reg,0.8142857142857143,0.6745562130177515,0.7378640776699029,169.0
sRNA,0.6214285714285714,0.7310924369747899,0.6718146718146718,119.0
accuracy,0.8672699849170438,0.8672699849170438,0.8672699849170438,0.8672699849170438
macro avg,0.8207929782082325,0.8506429317289046,0.8313922775239546,663.0
weighted avg,0.873208396787659,0.8672699849170438,0.8672937621254334,663.0
