,precision,recall,f1-score,support
tRNA,0.9615384615384616,1.0,0.9803921568627451,50.0
rRNA,1.0,1.0,1.0,325.0
Cis-reg,0.9178082191780822,0.7928994082840237,0.8507936507936508,169.0
sRNA,0.7571428571428571,0.8907563025210085,0.8185328185328186,119.0
accuracy,0.9276018099547512,0.9276018099547512,0.9276018099547512,0.9276018099547512
macro avg,0.9091223844648503,0.920913927701258,0.9124296565473037,663.0
weighted avg,0.9325588418069668,0.9276018099547512,0.9279172552528954,663.0
