,precision,recall,f1-score,support
tRNA,0.5617977528089888,1.0,0.7194244604316548,50.0
rRNA,1.0,0.9538461538461539,0.9763779527559054,325.0
Cis-reg,0.6727272727272727,0.8757396449704142,0.7609254498714652,169.0
sRNA,0.8409090909090909,0.31092436974789917,0.4539877300613497,119.0
accuracy,0.8220211161387632,0.8220211161387632,0.8220211161387632,0.8220211161387632
macro avg,0.7688585291113381,0.7851275421411168,0.7276788982800938,663.0
weighted avg,0.8549758349163504,0.8220211161387632,0.80831824822448,663.0
