,precision,recall,f1-score,support
tRNA,0.9090909090909091,1.0,0.9523809523809523,50.0
rRNA,0.9969325153374233,1.0,0.9984639016897081,325.0
Cis-reg,0.8387096774193549,0.7692307692307693,0.8024691358024693,169.0
sRNA,0.7086614173228346,0.7563025210084033,0.7317073170731706,119.0
accuracy,0.8974358974358975,0.8974358974358975,0.8974358974358975,0.8974358974358975
macro avg,0.8633486297926305,0.8813833225597931,0.871255326736575,663.0
weighted avg,0.8982356818770685,0.8974358974358975,0.8971497290354863,663.0
