,precision,recall,f1-score,support
tRNA,1.0,1.0,1.0,50.0
rRNA,1.0,1.0,1.0,325.0
Cis-reg,0.8773584905660378,0.5502958579881657,0.6763636363636364,169.0
sRNA,0.5824175824175825,0.8907563025210085,0.7043189368770764,119.0
accuracy,0.8657616892911011,0.8657616892911011,0.8657616892911011,0.8657616892911011
macro avg,0.864944018245905,0.8602630401272935,0.8451706433101782,663.0
weighted avg,0.8937877484364294,0.8657616892911011,0.8644334962802815,663.0
