,precision,recall,f1-score,support
tRNA,0.8064516129032258,1.0,0.8928571428571428,50.0
rRNA,1.0,0.9876923076923076,0.9938080495356036,325.0
Cis-reg,0.746031746031746,0.834319526627219,0.787709497206704,169.0
sRNA,0.7362637362637363,0.5630252100840336,0.638095238095238,119.0
accuracy,0.8733031674208145,0.8733031674208145,0.8733031674208145,0.8733031674208145
macro avg,0.8221867737996771,0.8462592611008901,0.8281174819236722,663.0
weighted avg,0.8733293066966983,0.8733031674208145,0.869814044650369,663.0
