,precision,recall,f1-score,support
tRNA,0.9803921568627451,1.0,0.99009900990099,50.0
rRNA,1.0,1.0,1.0,325.0
Cis-reg,0.7885714285714286,0.8165680473372781,0.8023255813953489,169.0
sRNA,0.7321428571428571,0.6890756302521008,0.7099567099567099,119.0
accuracy,0.8974358974358975,0.8974358974358975,0.8974358974358975,0.8974358974358975
macro avg,0.8752766106442578,0.8764109193973448,0.8755953253132622,663.0
weighted avg,0.8965507982982032,0.8974358974358975,0.8968066700387813,663.0
