,precision,recall,f1-score,support
tRNA,0.9615384615384616,1.0,0.9803921568627451,50.0
rRNA,1.0,1.0,1.0,325.0
Cis-reg,0.8353658536585366,0.8106508875739645,0.8228228228228228,169.0
sRNA,0.7540983606557377,0.773109243697479,0.7634854771784233,119.0
accuracy,0.9110105580693816,0.9110105580693816,0.9110105580693816,0.9110105580693816
macro avg,0.887750668963184,0.8959400328178608,0.8916751142159978,663.0
weighted avg,0.9109976730969058,0.9110105580693816,0.9109071443204022,663.0
