,precision,recall,f1-score,support
rRNA,1.0,1.0,1.0,325.0
sRNA,0.6690140845070423,0.7983193277310925,0.7279693486590039,119.0
Cis-reg,0.8531468531468531,0.7218934911242604,0.7820512820512822,169.0
tRNA,0.9433962264150944,1.0,0.970873786407767,50.0
accuracy,0.8929110105580694,0.8929110105580694,0.8929110105580694,0.8929110105580694
macro avg,0.8663892910172475,0.8800532047138382,0.8702236042795132,663.0
weighted avg,0.8988903552924749,0.8929110105580694,0.8934218830731168,663.0
