,precision,recall,f1-score,support
tRNA,0.9433962264150944,1.0,0.970873786407767,50.0
rRNA,1.0,0.963076923076923,0.9811912225705329,325.0
Cis-reg,0.746031746031746,0.5562130177514792,0.6372881355932203,169.0
sRNA,0.5730994152046783,0.8235294117647058,0.6758620689655171,119.0
accuracy,0.8371040723981901,0.8371040723981901,0.8371040723981901,0.8371040723981901
macro avg,0.8156318469128797,0.835704838148277,0.8163038033842593,663.0
weighted avg,0.8543710509946856,0.8371040723981901,0.8379488955927034,663.0
