,precision,recall,f1-score,support
tRNA,0.847457627118644,1.0,0.9174311926605504,50.0
rRNA,1.0,0.9938461538461538,0.9969135802469136,325.0
Cis-reg,0.8392857142857143,0.834319526627219,0.8367952522255193,169.0
sRNA,0.7699115044247787,0.7310924369747899,0.75,119.0
accuracy,0.9064856711915535,0.9064856711915535,0.9064856711915535,0.9064856711915535
macro avg,0.8641637114572843,0.8898145293620408,0.8752850062832458,663.0
weighted avg,0.9062317286527399,0.9064856711915535,0.9057871355043546,663.0
