,precision,recall,f1-score,support
tRNA,0.9803921568627451,1.0,0.99009900990099,50.0
rRNA,1.0,0.9938461538461538,0.9969135802469136,325.0
Cis-reg,0.826530612244898,0.47928994082840237,0.6067415730337079,169.0
sRNA,0.5392670157068062,0.865546218487395,0.6645161290322581,119.0
accuracy,0.8401206636500754,0.8401206636500754,0.8401206636500754,0.8401206636500754
macro avg,0.8365474462036123,0.8346705782904879,0.8145675730534674,663.0
weighted avg,0.8716079278757691,0.8401206636500754,0.8372829702455985,663.0
