,precision,recall,f1-score,support
tRNA,1.0,1.0,1.0,50.0
rRNA,1.0,1.0,1.0,325.0
Cis-reg,0.7986577181208053,0.7041420118343196,0.7484276729559749,169.0
sRNA,0.6402877697841727,0.7478991596638656,0.689922480620155,119.0
accuracy,0.8793363499245852,0.8793363499245852,0.8793363499245852,0.8793363499245852
macro avg,0.8597363719762445,0.8630102928745462,0.8595875383940325,663.0
weighted avg,0.8841137239317235,0.8793363499245852,0.8802187811815356,663.0
