,precision,recall,f1-score,support
tRNA,0.746268656716418,1.0,0.8547008547008548,50.0
rRNA,1.0,0.9538461538461539,0.9763779527559054,325.0
Cis-reg,0.7024793388429752,0.5029585798816568,0.5862068965517242,169.0
sRNA,0.4909090909090909,0.680672268907563,0.5704225352112675,119.0
accuracy,0.7933634992458521,0.7933634992458521,0.7933634992458521,0.7933634992458521
macro avg,0.734914271617121,0.7843692506588436,0.746927059804938,663.0
weighted avg,0.813651014959978,0.7933634992458521,0.7948825408568541,663.0
