,precision,recall,f1-score,support
tRNA,0.9090909090909091,1.0,0.9523809523809523,50.0
rRNA,1.0,1.0,1.0,325.0
Cis-reg,0.7606382978723404,0.8461538461538461,0.8011204481792716,169.0
sRNA,0.7368421052631579,0.5882352941176471,0.6542056074766356,119.0
accuracy,0.8868778280542986,0.8868778280542986,0.8868778280542986,0.8868778280542986
macro avg,0.8516428280566019,0.8585972850678734,0.8519267520092149,663.0
weighted avg,0.8848968752960583,0.8868778280542986,0.8836483720227211,663.0
