,precision,recall,f1-score,support
tRNA,0.9259259259259259,1.0,0.9615384615384615,50.0
rRNA,1.0,1.0,1.0,325.0
Cis-reg,0.725925925925926,0.5798816568047337,0.6447368421052632,169.0
sRNA,0.5234899328859061,0.6554621848739496,0.582089552238806,119.0
accuracy,0.8310708898944194,0.8310708898944194,0.8310708898944194,0.8310708898944194
macro avg,0.7938354461844395,0.8088359604196708,0.7970912139706327,663.0
weighted avg,0.8390242530787339,0.8310708898944194,0.8315325883998952,663.0
