,precision,recall,f1-score,support
tRNA,0.9803921568627451,1.0,0.99009900990099,50.0
rRNA,1.0,1.0,1.0,325.0
Cis-reg,0.8472222222222222,0.7218934911242604,0.7795527156549521,169.0
sRNA,0.6783216783216783,0.8151260504201681,0.7404580152671756,119.0
accuracy,0.8959276018099548,0.8959276018099548,0.8959276018099548,0.8959276018099548
macro avg,0.8764840143516615,0.8842548853861072,0.8775274352057794,663.0
weighted avg,0.901840789018058,0.8959276018099548,0.896476415169729,663.0
