,precision,recall,f1-score,support
tRNA,0.9433962264150944,1.0,0.970873786407767,50.0
rRNA,0.9969325153374233,1.0,0.9984639016897081,325.0
Cis-reg,0.6987179487179487,0.6449704142011834,0.6707692307692308,169.0
sRNA,0.5546875,0.5966386554621849,0.5748987854251012,119.0
accuracy,0.8371040723981901,0.8371040723981901,0.8371040723981901,0.8371040723981901
macro avg,0.7984335476176165,0.8104022674158421,0.8037514260729517,663.0
weighted avg,0.8375022996059588,0.8371040723981901,0.8368286769760641,663.0
