,precision,recall,f1-score,support
tRNA,0.8771929824561403,1.0,0.9345794392523363,50.0
rRNA,1.0,0.9969230769230769,0.9984591679506933,325.0
Cis-reg,0.8243243243243243,0.7218934911242604,0.7697160883280758,169.0
sRNA,0.6567164179104478,0.7394957983193278,0.6956521739130435,119.0
accuracy,0.8808446455505279,0.8808446455505279,0.8808446455505279,0.8808446455505279
macro avg,0.8395584311727282,0.8645780915916663,0.8496017173610372,663.0
weighted avg,0.8843434595248282,0.8808446455505279,0.8809846593811298,663.0
