,precision,recall,f1-score,support
tRNA,1.0,1.0,1.0,50.0
rRNA,1.0,0.9723076923076923,0.9859594383775351,325.0
Cis-reg,0.7692307692307693,0.47337278106508873,0.586080586080586,169.0
sRNA,0.538860103626943,0.8739495798319328,0.6666666666666666,119.0
accuracy,0.8295625942684767,0.8295625942684767,0.8295625942684767,0.8295625942684767
macro avg,0.8270227182144281,0.8299075133011785,0.8096766727811969,663.0
weighted avg,0.8584077712392251,0.8295625942684767,0.8277794417098813,663.0
