,precision,recall,f1-score,support
tRNA,0.9803921568627451,1.0,0.99009900990099,50.0
rRNA,1.0,0.9661538461538461,0.9827856025039123,325.0
Cis-reg,0.7985611510791367,0.6568047337278107,0.7207792207792209,169.0
sRNA,0.6415094339622641,0.8571428571428571,0.7338129496402878,119.0
accuracy,0.8702865761689291,0.8702865761689291,0.8702865761689291,0.8702865761689291
macro avg,0.8551156854760364,0.8700253592561286,0.8568691957061028,663.0
weighted avg,0.8828296606591565,0.8702865761689291,0.87186380185174,663.0
