,precision,recall,f1-score,support
tRNA,0.8771929824561403,1.0,0.9345794392523363,50.0
rRNA,1.0,0.9723076923076923,0.9859594383775351,325.0
Cis-reg,0.7361111111111112,0.6272189349112426,0.6773162939297124,169.0
sRNA,0.5753424657534246,0.7058823529411765,0.6339622641509434,119.0
accuracy,0.8386123680241327,0.8386123680241327,0.8386123680241327,0.8386123680241327
macro avg,0.7971616398301691,0.8263522450400279,0.8079543589276318,663.0
weighted avg,0.8472521573533066,0.8386123680241327,0.840231904288687,663.0
