,precision,recall,f1-score,support
tRNA,0.8620689655172413,1.0,0.9259259259259259,50.0
rRNA,0.9818731117824774,1.0,0.9908536585365855,325.0
Cis-reg,0.7287234042553191,0.8106508875739645,0.7675070028011204,169.0
sRNA,0.6395348837209303,0.46218487394957986,0.5365853658536586,119.0
accuracy,0.8552036199095022,0.8552036199095022,0.8552036199095022,0.8552036199095022
macro avg,0.803050091318992,0.8182089403808861,0.8052179882793226,663.0
weighted avg,0.8468644284873408,0.8552036199095022,0.8474903127159297,663.0
