,precision,recall,f1-score,support
tRNA,0.9615384615384616,1.0,0.9803921568627451,50.0
rRNA,1.0,1.0,1.0,325.0
Cis-reg,0.8513513513513513,0.7455621301775148,0.7949526813880127,169.0
sRNA,0.6956521739130435,0.8067226890756303,0.7470817120622568,119.0
accuracy,0.9004524886877828,0.9004524886877828,0.9004524886877828,0.9004524886877828
macro avg,0.8771354967007141,0.8880712048132862,0.8806066375782536,663.0
weighted avg,0.9045820665926901,0.9004524886877828,0.9008587250876622,663.0
