,precision,recall,f1-score,support
rRNA,1.0,1.0,1.0,325.0
sRNA,0.464,0.48739495798319327,0.4754098360655738,119.0
Cis-reg,0.6891891891891891,0.6035502958579881,0.6435331230283913,169.0
tRNA,0.7692307692307693,1.0,0.8695652173913044,50.0
accuracy,0.8069381598793364,0.8069381598793364,0.8069381598793364,0.8069381598793364
macro avg,0.7306049896049895,0.7727363134602954,0.7471270441213174,663.0
weighted avg,0.8071651756176644,0.8069381598793364,0.8051419745899949,663.0
