,precision,recall,f1-score,support
tRNA,0.7352941176470589,1.0,0.8474576271186441,50.0
rRNA,1.0,1.0,1.0,325.0
Cis-reg,0.8439716312056738,0.7041420118343196,0.767741935483871,169.0
sRNA,0.6589147286821705,0.7142857142857143,0.6854838709677419,119.0
accuracy,0.8733031674208145,0.8733031674208145,0.8733031674208145,0.8733031674208145
macro avg,0.8095451193837258,0.8546069315300084,0.8251708583925643,663.0
weighted avg,0.8790448933171796,0.8733031674208145,0.87284140135425,663.0
