,precision,recall,f1-score,support
tRNA,0.9803921568627451,1.0,0.99009900990099,50.0
rRNA,1.0,1.0,1.0,325.0
Cis-reg,0.756578947368421,0.6804733727810651,0.7165109034267914,169.0
sRNA,0.6,0.680672268907563,0.6377952755905513,119.0
accuracy,0.861236802413273,0.861236802413273,0.861236802413273,0.861236802413273
macro avg,0.8342427760577916,0.840286410422157,0.8361012972295833,663.0
weighted avg,0.8646779033912524,0.861236802413273,0.8619802880383903,663.0
