,precision,recall,f1-score,support
tRNA,0.9803921568627451,1.0,0.99009900990099,50.0
rRNA,1.0,0.9538461538461539,0.9763779527559054,325.0
Cis-reg,0.6853146853146853,0.5798816568047337,0.6282051282051282,169.0
sRNA,0.5534591194968553,0.7394957983193278,0.6330935251798562,119.0
accuracy,0.8235294117647058,0.8235294117647058,0.8235294117647058,0.8235294117647058
macro avg,0.8047914904185715,0.8183059022425538,0.8069439040104699,663.0
weighted avg,0.8381590118875488,0.8235294117647058,0.8270476339423656,663.0
