,precision,recall,f1-score,support
tRNA,0.8928571428571429,1.0,0.9433962264150945,50.0
rRNA,1.0,1.0,1.0,325.0
Cis-reg,0.6888888888888889,0.5502958579881657,0.6118421052631579,169.0
sRNA,0.4897959183673469,0.6050420168067226,0.5413533834586466,119.0
accuracy,0.8144796380090498,0.8144796380090498,0.8144796380090498,0.8144796380090498
macro avg,0.7678854875283446,0.7888344686987221,0.7741479287842248,663.0
weighted avg,0.8210419210419211,0.8144796380090498,0.8144678427478241,663.0
