,precision,recall,f1-score,support
tRNA,0.8064516129032258,1.0,0.8928571428571428,50.0
rRNA,1.0,0.9969230769230769,0.9984591679506933,325.0
Cis-reg,0.7619047619047619,0.8520710059171598,0.8044692737430168,169.0
sRNA,0.7727272727272727,0.5714285714285714,0.6570048309178744,119.0
accuracy,0.8838612368024132,0.8838612368024132,0.8838612368024132,0.8838612368024132
macro avg,0.8352709118838151,0.8551056635672021,0.8381976038671819,663.0
weighted avg,0.8839201068802587,0.8838612368024132,0.8797601340401648,663.0
