,precision,recall,f1-score,support
tRNA,1.0,1.0,1.0,50.0
rRNA,1.0,0.9538461538461539,0.9763779527559054,325.0
Cis-reg,0.6804733727810651,0.6804733727810651,0.6804733727810651,169.0
sRNA,0.5970149253731343,0.6722689075630253,0.6324110671936759,119.0
accuracy,0.8371040723981901,0.8371040723981901,0.8371040723981901,0.8371040723981901
macro avg,0.8193720745385499,0.8266471085475611,0.8223155981826616,663.0
weighted avg,0.8462213817788884,0.8371040723981901,0.8409951005154098,663.0
