,precision,recall,f1-score,support
tRNA,1.0,1.0,1.0,50.0
rRNA,1.0,1.0,1.0,325.0
Cis-reg,0.8189655172413793,0.5621301775147929,0.6666666666666666,169.0
sRNA,0.5697674418604651,0.8235294117647058,0.6735395189003437,119.0
accuracy,0.8567119155354449,0.8567119155354449,0.8567119155354449,0.8567119155354449
macro avg,0.8471832397754612,0.8464148973198746,0.8350515463917525,663.0
weighted avg,0.8766327269912346,0.8567119155354449,0.8564372087719571,663.0
