,precision,recall,f1-score,support
tRNA,0.9615384615384616,1.0,0.9803921568627451,50.0
rRNA,1.0,0.96,0.9795918367346939,325.0
Cis-reg,0.5507246376811594,0.22485207100591717,0.31932773109243695,169.0
sRNA,0.43478260869565216,0.8403361344537815,0.5730659025787965,119.0
accuracy,0.7541478129713424,0.7541478129713424,0.7541478129713424,0.7541478129713424
macro avg,0.7367614269788183,0.7562970513649246,0.7130944068171681,663.0
weighted avg,0.7811289853390975,0.7541478129713424,0.7383833842283731,663.0
