,precision,recall,f1-score,support
rRNA,1.0,1.0,1.0,325.0
sRNA,0.4909090909090909,0.680672268907563,0.5704225352112675,119.0
Cis-reg,0.7327586206896551,0.5029585798816568,0.5964912280701754,169.0
tRNA,0.8771929824561403,1.0,0.9345794392523363,50.0
accuracy,0.8159879336349924,0.8159879336349924,0.8159879336349924,0.8159879336349924
macro avg,0.7752151735137216,0.7959077121973049,0.7753733006334449,663.0
weighted avg,0.8312428926659736,0.8159879336349924,0.8151074980341134,663.0
