,precision,recall,f1-score,support
tRNA,0.9803921568627451,1.0,0.99009900990099,50.0
rRNA,1.0,1.0,1.0,325.0
Cis-reg,0.735632183908046,0.757396449704142,0.7463556851311953,169.0
sRNA,0.6460176991150443,0.6134453781512605,0.6293103448275863,119.0
accuracy,0.8687782805429864,0.8687782805429864,0.8687782805429864,0.8687782805429864
macro avg,0.8405105099714588,0.8427104569638506,0.8414412599649429,663.0
weighted avg,0.8675981193337666,0.8687782805429864,0.8680648451232342,663.0
