,precision,recall,f1-score,support
tRNA,0.9615384615384616,1.0,0.9803921568627451,50.0
rRNA,1.0,0.9538461538461539,0.9763779527559054,325.0
Cis-reg,0.8066666666666666,0.7159763313609467,0.7586206896551725,169.0
sRNA,0.6225165562913907,0.7899159663865546,0.6962962962962962,119.0
accuracy,0.8672699849170438,0.8672699849170438,0.8672699849170438,0.8672699849170438
macro avg,0.8476804211241298,0.8649346128984138,0.8529217738925298,663.0
weighted avg,0.8800649471225721,0.8672699849170438,0.8709028631972698,663.0
