,precision,recall,f1-score,support
tRNA,0.8620689655172413,1.0,0.9259259259259259,50.0
rRNA,1.0,1.0,1.0,325.0
Cis-reg,0.7696335078534031,0.8698224852071006,0.8166666666666667,169.0
sRNA,0.7752808988764045,0.5798319327731093,0.6634615384615384,119.0
accuracy,0.8914027149321267,0.8914027149321267,0.8914027149321267,0.8914027149321267
macro avg,0.8517458430617623,0.8624136044950524,0.8515135327635328,663.0
weighted avg,0.8905428930156553,0.8914027149321267,0.8872773545096321,663.0
