,precision,recall,f1-score,support
tRNA,0.9803921568627451,1.0,0.99009900990099,50.0
rRNA,1.0,1.0,1.0,325.0
Cis-reg,0.8888888888888888,0.7100591715976331,0.7894736842105262,169.0
sRNA,0.6776315789473685,0.865546218487395,0.7601476014760147,119.0
accuracy,0.9019607843137255,0.9019607843137255,0.9019607843137255,0.9019607843137255
macro avg,0.8867281561747506,0.893901347521257,0.8849300738968827,663.0
weighted avg,0.912337840060477,0.9019607843137255,0.9025393178013185,663.0
