,precision,recall,f1-score,support
tRNA,0.9259259259259259,1.0,0.9615384615384615,50.0
rRNA,1.0,1.0,1.0,325.0
Cis-reg,0.8571428571428571,0.8165680473372781,0.8363636363636363,169.0
sRNA,0.7642276422764228,0.7899159663865546,0.7768595041322314,119.0
accuracy,0.9155354449472096,0.9155354449472096,0.9155354449472096,0.9155354449472096
macro avg,0.8868241063363015,0.9016210034309582,0.8936904005085823,663.0
weighted avg,0.9156810385887384,0.9155354449472096,0.9153373433093713,663.0
