,precision,recall,f1-score,support
tRNA,0.8333333333333334,1.0,0.9090909090909091,50.0
rRNA,1.0,0.9938461538461538,0.9969135802469136,325.0
Cis-reg,0.7359550561797753,0.7751479289940828,0.755043227665706,169.0
sRNA,0.6470588235294118,0.5546218487394958,0.5972850678733032,119.0
accuracy,0.8597285067873304,0.8597285067873304,0.8597285067873304,0.8597285067873304
macro avg,0.8040868032606301,0.8309039828949332,0.8145831962192079,663.0
weighted avg,0.856776879579259,0.8597285067873304,0.8569090310516133,663.0
