,precision,recall,f1-score,support
tRNA,0.8928571428571429,1.0,0.9433962264150945,50.0
rRNA,0.9938837920489296,1.0,0.9969325153374233,325.0
Cis-reg,0.8015873015873016,0.5976331360946746,0.6847457627118645,169.0
sRNA,0.5844155844155844,0.7563025210084033,0.6593406593406593,119.0
accuracy,0.8536953242835595,0.8536953242835595,0.8536953242835595,0.8536953242835595
macro avg,0.8181859552272397,0.8384839142757695,0.8211037909512603,663.0
weighted avg,0.8637538432465577,0.8536953242835595,0.852724662391042,663.0
