,precision,recall,f1-score,support
tRNA,0.9433962264150944,1.0,0.970873786407767,50.0
rRNA,0.9818731117824774,1.0,0.9908536585365855,325.0
Cis-reg,0.7875,0.7455621301775148,0.7659574468085107,169.0
sRNA,0.7058823529411765,0.7058823529411765,0.7058823529411765,119.0
accuracy,0.8823529411764706,0.8823529411764706,0.8823529411764706,0.8823529411764706
macro avg,0.8546629227846871,0.8628611207796728,0.8583918111735099,663.0
weighted avg,0.8798884957014478,0.8823529411764706,0.8808716996310963,663.0
