,precision,recall,f1-score,support
tRNA,1.0,1.0,1.0,50.0
rRNA,1.0,0.9569230769230769,0.9779874213836477,325.0
Cis-reg,0.7428571428571429,0.6153846153846154,0.6731391585760518,169.0
sRNA,0.5987654320987654,0.8151260504201681,0.6903914590747331,119.0
accuracy,0.8476621417797888,0.8476621417797888,0.8476621417797888,0.8476621417797888
macro avg,0.8354056437389771,0.8468584356819651,0.8353795097586081,663.0
weighted avg,0.8624373206072552,0.8476621417797888,0.8503212871477097,663.0
