,precision,recall,f1-score,support
tRNA,0.9259259259259259,1.0,0.9615384615384615,50.0
rRNA,1.0,0.9569230769230769,0.9779874213836477,325.0
Cis-reg,0.7605633802816901,0.6390532544378699,0.6945337620578779,169.0
sRNA,0.6153846153846154,0.8067226890756303,0.6981818181818181,119.0
accuracy,0.8521870286576169,0.8521870286576169,0.8521870286576169,0.8521870286576169
macro avg,0.8254684803980579,0.8506747551091443,0.8330603657904513,663.0
weighted avg,0.8643473254821588,0.8521870286576169,0.8542725145973249,663.0
