,precision,recall,f1-score,support
tRNA,0.9259259259259259,1.0,0.9615384615384615,50.0
rRNA,0.9969325153374233,1.0,0.9984639016897081,325.0
Cis-reg,0.8943089430894309,0.650887573964497,0.7534246575342466,169.0
sRNA,0.64375,0.865546218487395,0.7383512544802867,119.0
accuracy,0.8868778280542986,0.8868778280542986,0.8868778280542986,0.8868778280542986
macro avg,0.865229346088195,0.8791084481129731,0.8629445688106757,663.0
weighted avg,0.9020268856154945,0.8868778280542986,0.8865313084955052,663.0
