,precision,recall,f1-score,support
tRNA,0.423728813559322,1.0,0.5952380952380952,50.0
rRNA,1.0,0.9538461538461539,0.9763779527559054,325.0
Cis-reg,0.0,0.0,0.0,169.0
sRNA,0.4978723404255319,0.9831932773109243,0.6610169491525424,119.0
accuracy,0.7194570135746606,0.7194570135746606,0.7194570135746606,0.7194570135746606
macro avg,0.48040028849621347,0.7342598577892696,0.5581582492866357,663.0
weighted avg,0.6115131963629026,0.7194570135746606,0.6421504620765107,663.0
