,precision,recall,f1-score,support
tRNA,0.8620689655172413,1.0,0.9259259259259259,50.0
rRNA,1.0,0.9969230769230769,0.9984591679506933,325.0
Cis-reg,0.875,0.7455621301775148,0.805111821086262,169.0
sRNA,0.7299270072992701,0.8403361344537815,0.78125,119.0
accuracy,0.9049773755656109,0.9049773755656109,0.9049773755656109,0.9049773755656109
macro avg,0.8667489932041278,0.8957053353885934,0.8776867287407204,663.0
weighted avg,0.9092605763868404,0.9049773755656109,0.9047182106242079,663.0
