,precision,recall,f1-score,support
tRNA,1.0,1.0,1.0,50.0
rRNA,1.0,0.9538461538461539,0.9763779527559054,325.0
Cis-reg,0.7355371900826446,0.5266272189349113,0.6137931034482759,169.0
sRNA,0.47802197802197804,0.7310924369747899,0.5780730897009967,119.0
accuracy,0.808446455505279,0.808446455505279,0.808446455505279,0.808446455505279
macro avg,0.8033897920261557,0.8028914524389639,0.7920610364762946,663.0
weighted avg,0.8388995482784047,0.808446455505279,0.8142451987976569,663.0
