,precision,recall,f1-score,support
tRNA,1.0,1.0,1.0,50.0
rRNA,1.0,0.9938461538461538,0.9969135802469136,325.0
Cis-reg,0.8352941176470589,0.8402366863905325,0.8377581120943953,169.0
sRNA,0.775,0.7815126050420168,0.7782426778242678,119.0
accuracy,0.9170437405731523,0.9170437405731523,0.9170437405731523,0.9170437405731523
macro avg,0.9025735294117647,0.9038988613196758,0.9032285925413942,663.0
weighted avg,0.9176315322509094,0.9170437405731523,0.9173286775042044,663.0
