,precision,recall,f1-score,support
tRNA,1.0,1.0,1.0,50.0
rRNA,1.0,0.9538461538461539,0.9763779527559054,325.0
Cis-reg,0.6621621621621622,0.5798816568047337,0.6182965299684542,169.0
sRNA,0.5419354838709678,0.7058823529411765,0.6131386861313869,119.0
accuracy,0.8174962292609351,0.8174962292609351,0.8174962292609351,0.8174962292609351
macro avg,0.8010244115082825,0.809902540898016,0.8019532922139366,663.0
weighted avg,0.8316677646848425,0.8174962292609351,0.8216869560482248,663.0
