,precision,recall,f1-score,support
tRNA,1.0,1.0,1.0,50.0
rRNA,1.0,0.9938461538461538,0.9969135802469136,325.0
Cis-reg,0.8598726114649682,0.7988165680473372,0.8282208588957056,169.0
sRNA,0.7443609022556391,0.8319327731092437,0.7857142857142857,119.0
accuracy,0.9155354449472096,0.9155354449472096,0.9155354449472096,0.9155354449472096
macro avg,0.9010583784301518,0.9061488737506838,0.9027121812142263,663.0
weighted avg,0.9183973132820522,0.9155354449472096,0.9162386707897755,663.0
