,precision,recall,f1-score,support
tRNA,1.0,1.0,1.0,50.0
rRNA,1.0,0.9538461538461539,0.9763779527559054,325.0
Cis-reg,0.0,0.0,0.0,169.0
sRNA,0.4131944444444444,1.0,0.5847665847665847,119.0
accuracy,0.722473604826546,0.722473604826546,0.722473604826546,0.722473604826546
macro avg,0.6032986111111112,0.7384615384615385,0.6402861343806225,663.0
weighted avg,0.6397739651416122,0.722473604826546,0.658989529763036,663.0
