,precision,recall,f1-score,support
tRNA,0.9803921568627451,1.0,0.99009900990099,50.0
rRNA,1.0,0.9538461538461539,0.9763779527559054,325.0
Cis-reg,0.7380952380952381,0.7337278106508875,0.7359050445103857,169.0
sRNA,0.664179104477612,0.7478991596638656,0.7035573122529645,119.0
accuracy,0.8642533936651584,0.8642533936651584,0.8642533936651584,0.8642533936651584
macro avg,0.8456666248588989,0.8588682810402268,0.8514848298550614,663.0
weighted avg,0.8714856960996504,0.8642533936651584,0.8671479001826196,663.0
