,precision,recall,f1-score,support
tRNA,0.847457627118644,1.0,0.9174311926605504,50.0
rRNA,0.9848484848484849,1.0,0.9923664122137404,325.0
Cis-reg,0.8,0.6863905325443787,0.7388535031847133,169.0
sRNA,0.6434108527131783,0.6974789915966386,0.6693548387096775,119.0
accuracy,0.8657616892911011,0.8657616892911011,0.8657616892911011,0.8657616892911011
macro avg,0.8189292411700768,0.8459673810352544,0.8295014866921704,663.0
weighted avg,0.8660852645619276,0.8657616892911011,0.8641178151540896,663.0
