,precision,recall,f1-score,support
tRNA,0.7692307692307693,1.0,0.8695652173913044,50.0
rRNA,1.0,0.9876923076923076,0.9938080495356036,325.0
Cis-reg,0.7757575757575758,0.757396449704142,0.7664670658682635,169.0
sRNA,0.7053571428571429,0.6638655462184874,0.683982683982684,119.0
accuracy,0.8717948717948718,0.8717948717948718,0.8717948717948718,0.8717948717948718
macro avg,0.812586371961372,0.8522385759037342,0.8284557541944639,663.0
weighted avg,0.8725521399163934,0.8717948717948718,0.8708789600215872,663.0
