,precision,recall,f1-score,support
tRNA,0.8928571428571429,1.0,0.9433962264150945,50.0
rRNA,1.0,0.9538461538461539,0.9763779527559054,325.0
Cis-reg,0.6526946107784432,0.6449704142011834,0.6488095238095238,169.0
sRNA,0.5384615384615384,0.5882352941176471,0.5622489959839357,119.0
accuracy,0.8129713423831071,0.8129713423831071,0.8129713423831071,0.8129713423831071
macro avg,0.7710033230242811,0.7967629655412461,0.7827081747411149,663.0
weighted avg,0.8205507834710967,0.8129713423831071,0.8160619698526724,663.0
