,precision,recall,f1-score,support
tRNA,0.9090909090909091,1.0,0.9523809523809523,50.0
rRNA,1.0,1.0,1.0,325.0
Cis-reg,0.847682119205298,0.757396449704142,0.7999999999999999,169.0
sRNA,0.696969696969697,0.773109243697479,0.7330677290836652,119.0
accuracy,0.8974358974358975,0.8974358974358975,0.8974358974358975,0.8974358974358975
macro avg,0.8634356813164761,0.8826264233504052,0.8713621703661544,663.0
weighted avg,0.8999279299240344,0.8974358974358975,0.8975175073604883,663.0
