,precision,recall,f1-score,support
tRNA,1.0,1.0,1.0,50.0
rRNA,1.0,0.9907692307692307,0.9953632148377125,325.0
Cis-reg,0.7668711656441718,0.7396449704142012,0.753012048192771,169.0
sRNA,0.6484375,0.6974789915966386,0.6720647773279352,119.0
accuracy,0.8748114630467572,0.8748114630467572,0.8748114630467572,0.8748114630467572
macro avg,0.853827166411043,0.8569732981950176,0.8551100100896046,663.0
weighted avg,0.8774740414688763,0.8748114630467572,0.8759091847192446,663.0
