,precision,recall,f1-score,support
tRNA,1.0,1.0,1.0,50.0
rRNA,1.0,1.0,1.0,325.0
Cis-reg,0.8048780487804879,0.7810650887573964,0.7927927927927928,169.0
sRNA,0.7016129032258065,0.7310924369747899,0.7160493827160493,119.0
accuracy,0.8959276018099548,0.8959276018099548,0.8959276018099548,0.8959276018099548
macro avg,0.8766227380015735,0.8780393814330466,0.8772105438772105,663.0
weighted avg,0.896706373646717,0.8959276018099548,0.8962169811843016,663.0
