,precision,recall,f1-score,support
tRNA,0.8771929824561403,1.0,0.9345794392523363,50.0
rRNA,1.0,0.9969230769230769,0.9984591679506933,325.0
Cis-reg,0.8646616541353384,0.6804733727810651,0.7615894039735099,169.0
sRNA,0.6442953020134228,0.8067226890756303,0.7164179104477612,119.0
accuracy,0.8823529411764706,0.8823529411764706,0.8823529411764706,0.8823529411764706
macro avg,0.8465374846512254,0.8710297846949431,0.8527614804060751,663.0
weighted avg,0.8923960929280188,0.8823529411764706,0.8826403350850661,663.0
