,precision,recall,f1-score,support
tRNA,0.8928571428571429,1.0,0.9433962264150945,50.0
rRNA,1.0,0.9538461538461539,0.9763779527559054,325.0
Cis-reg,0.7718120805369127,0.6804733727810651,0.7232704402515723,169.0
sRNA,0.6418918918918919,0.7983193277310925,0.7116104868913858,119.0
accuracy,0.8597285067873304,0.8597285067873304,0.8597285067873304,0.8597285067873304
macro avg,0.8266402788214868,0.858159713589578,0.8386637765784895,663.0
weighted avg,0.8694784824867731,0.8597285067873304,0.8618506761825259,663.0
