,precision,recall,f1-score,support
tRNA,1.0,1.0,1.0,50.0
rRNA,1.0,1.0,1.0,325.0
Cis-reg,0.9210526315789473,0.20710059171597633,0.33816425120772947,169.0
sRNA,0.464,0.9747899159663865,0.6287262872628726,119.0
accuracy,0.7933634992458521,0.7933634992458521,0.7933634992458521,0.7933634992458521
macro avg,0.8462631578947368,0.7954726269205907,0.7417226346176505,663.0
weighted avg,0.8836710327855839,0.7933634992458521,0.7646578983987755,663.0
