,precision,recall,f1-score,support
tRNA,0.9615384615384616,1.0,0.9803921568627451,50.0
rRNA,1.0,0.9538461538461539,0.9763779527559054,325.0
Cis-reg,0.8125,0.6153846153846154,0.7003367003367004,169.0
sRNA,0.5491329479768786,0.7983193277310925,0.6506849315068493,119.0
accuracy,0.8431372549019608,0.8431372549019608,0.8431372549019608,0.8431372549019608
macro avg,0.830792852378835,0.8418875242404655,0.82694793536555,663.0
weighted avg,0.8683804583501835,0.8431372549019608,0.8478595048190406,663.0
