,precision,recall,f1-score,support
rRNA,1.0,1.0,1.0,325.0
sRNA,0.632258064516129,0.8235294117647058,0.7153284671532847,119.0
Cis-reg,0.8484848484848485,0.6627218934911243,0.7441860465116281,169.0
tRNA,0.9803921568627451,1.0,0.99009900990099,50.0
accuracy,0.8823529411764706,0.8823529411764706,0.8823529411764706,0.8823529411764706
macro avg,0.8652837674659307,0.8715628263139575,0.8624033808914757,663.0
weighted avg,0.8938948068091945,0.8823529411764706,0.8829509501459358,663.0
