,precision,recall,f1-score,support
tRNA,0.9803921568627451,1.0,0.99009900990099,50.0
rRNA,1.0,1.0,1.0,325.0
Cis-reg,0.7569060773480663,0.8106508875739645,0.7828571428571428,169.0
sRNA,0.6981132075471698,0.6218487394957983,0.6577777777777777,119.0
accuracy,0.8838612368024132,0.8838612368024132,0.8838612368024132,0.8838612368024132
macro avg,0.8588528604394954,0.8581249067674407,0.8576834826339776,663.0
weighted avg,0.8823713523575771,0.8838612368024132,0.8824786775165343,663.0
