,precision,recall,f1-score,support
rRNA,0.9969325153374233,1.0,0.9984639016897081,325.0
sRNA,0.5120481927710844,0.7142857142857143,0.5964912280701755,119.0
Cis-reg,0.717948717948718,0.4970414201183432,0.5874125874125874,169.0
tRNA,0.9259259259259259,1.0,0.9615384615384615,50.0
accuracy,0.8205128205128205,0.8205128205128205,0.8205128205128205,0.8205128205128205
macro avg,0.7882138379957879,0.8028317836010144,0.7859765446777331,663.0
weighted avg,0.8334335325098812,0.8205128205128205,0.8187524502853037,663.0
