,precision,recall,f1-score,support
tRNA,0.8064516129032258,1.0,0.8928571428571428,50.0
rRNA,1.0,0.9723076923076923,0.9859594383775351,325.0
Cis-reg,0.7236842105263158,0.650887573964497,0.6853582554517135,169.0
sRNA,0.5864661654135338,0.6554621848739496,0.6190476190476191,119.0
accuracy,0.8355957767722474,0.8355957767722474,0.8355957767722474,0.8355957767722474
macro avg,0.7791504972107688,0.8196643627865347,0.7958056139335026,663.0
weighted avg,0.8407461325917333,0.8355957767722474,0.8364583506086913,663.0
