,precision,recall,f1-score,support
tRNA,0.9090909090909091,1.0,0.9523809523809523,50.0
rRNA,1.0,1.0,1.0,325.0
Cis-reg,0.8227848101265823,0.7692307692307693,0.7951070336391437,169.0
sRNA,0.704,0.7394957983193278,0.721311475409836,119.0
accuracy,0.8944193061840121,0.8944193061840121,0.8944193061840121,0.8944193061840121
macro avg,0.8589689298043728,0.8771816418875242,0.8671998653574831,663.0
weighted avg,0.8948434062834659,0.8944193061840121,0.894160183827803,663.0
