,precision,recall,f1-score,support
tRNA,0.9615384615384616,1.0,0.9803921568627451,50.0
rRNA,1.0,1.0,1.0,325.0
Cis-reg,0.9047619047619048,0.44970414201183434,0.6007905138339922,169.0
sRNA,0.5396039603960396,0.9159663865546218,0.6791277258566979,119.0
accuracy,0.8446455505279035,0.8446455505279035,0.8446455505279035,0.8446455505279035
macro avg,0.8514760816741015,0.841417632141614,0.8150775991383588,663.0
weighted avg,0.8901878676754355,0.8446455505279035,0.8391695385490633,663.0
