,precision,recall,f1-score,support
tRNA,0.9090909090909091,1.0,0.9523809523809523,50.0
rRNA,1.0,1.0,1.0,325.0
Cis-reg,0.8424657534246576,0.727810650887574,0.7809523809523811,169.0
sRNA,0.6788321167883211,0.7815126050420168,0.7265625000000001,119.0
accuracy,0.8914027149321267,0.8914027149321267,0.8914027149321267,0.8914027149321267
macro avg,0.857597194825972,0.8773308139823977,0.8649739583333333,663.0
weighted avg,0.8953428049489032,0.8914027149321267,0.8914946266968327,663.0
