,precision,recall,f1-score,support
tRNA,0.847457627118644,1.0,0.9174311926605504,50.0
rRNA,1.0,0.9815384615384616,0.9906832298136645,325.0
Cis-reg,0.8732394366197183,0.7337278106508875,0.797427652733119,169.0
sRNA,0.6923076923076923,0.8319327731092437,0.7557251908396948,119.0
accuracy,0.8929110105580694,0.8929110105580694,0.8929110105580694,0.8929110105580694
macro avg,0.8532511890115138,0.8867997613246482,0.8653168165117572,663.0
weighted avg,0.9009577096972547,0.8929110105580694,0.8937257622085811,663.0
