,precision,recall,f1-score,support
tRNA,0.7575757575757576,1.0,0.8620689655172413,50.0
rRNA,1.0,0.9538461538461539,0.9763779527559054,325.0
Cis-reg,0.8297872340425532,0.6923076923076923,0.7548387096774193,169.0
sRNA,0.6506849315068494,0.7983193277310925,0.7169811320754719,119.0
accuracy,0.8627450980392157,0.8627450980392157,0.8627450980392157,0.8627450980392157
macro avg,0.80951198078129,0.8611182934712347,0.8275666900065095,663.0
weighted avg,0.875632484587171,0.8627450980392157,0.8647281743197531,663.0
