,precision,recall,f1-score,support
tRNA,0.9803921568627451,1.0,0.99009900990099,50.0
rRNA,0.9969325153374233,1.0,0.9984639016897081,325.0
Cis-reg,0.8166666666666667,0.5798816568047337,0.6782006920415224,169.0
sRNA,0.5783132530120482,0.8067226890756303,0.6736842105263159,119.0
accuracy,0.8582202111613876,0.8582202111613876,0.8582202111613876,0.8582202111613876
macro avg,0.8430761479697209,0.8466510864700909,0.8351119535396341,663.0
weighted avg,0.8745982188580697,0.8582202111613876,0.8579035543768531,663.0
