,precision,recall,f1-score,support
tRNA,1.0,1.0,1.0,50.0
rRNA,1.0,1.0,1.0,325.0
Cis-reg,0.9104477611940298,0.7218934911242604,0.8052805280528054,169.0
sRNA,0.6948051948051948,0.8991596638655462,0.783882783882784,119.0
accuracy,0.9110105580693816,0.9110105580693816,0.9110105580693816,0.9110105580693816
macro avg,0.9013132389998062,0.9052632887474517,0.8972908279838974,663.0
weighted avg,0.9223944039571783,0.9110105580693816,0.9115753552382736,663.0
