,precision,recall,f1-score,support
rRNA,1.0,0.9938461538461538,0.9969135802469136,325.0
sRNA,0.527363184079602,0.8907563025210085,0.6625000000000001,119.0
Cis-reg,0.8539325842696629,0.44970414201183434,0.5891472868217055,169.0
tRNA,1.0,1.0,1.0,50.0
accuracy,0.8371040723981901,0.8371040723981901,0.8371040723981901,0.8371040723981901
macro avg,0.8453239420873162,0.8335766495947492,0.8121402167671548,663.0
weighted avg,0.8779348803122862,0.8371040723981901,0.8331829638810182,663.0
