,precision,recall,f1-score,support
rRNA,1.0,1.0,1.0,325.0
sRNA,0.5730337078651685,0.8571428571428571,0.6868686868686869,119.0
Cis-reg,0.8454545454545455,0.5502958579881657,0.6666666666666666,169.0
tRNA,1.0,1.0,1.0,50.0
accuracy,0.8597285067873304,0.8597285067873304,0.8597285067873304,0.8597285067873304
macro avg,0.8546220633299284,0.8518596787827557,0.8383838383838383,663.0
weighted avg,0.8839710850946805,0.8597285067873304,0.858829623535506,663.0
