,precision,recall,f1-score,support
tRNA,1.0,1.0,1.0,50.0
rRNA,1.0,0.9538461538461539,0.9763779527559054,325.0
Cis-reg,0.8278688524590164,0.5976331360946746,0.6941580756013747,169.0
sRNA,0.5414364640883977,0.8235294117647058,0.6533333333333332,119.0
accuracy,0.8431372549019608,0.8431372549019608,0.8431372549019608,0.8431372549019608
macro avg,0.8423263291368535,0.8437521754263837,0.8309673404226534,663.0
weighted avg,0.8738171573033079,0.8431372549019608,0.8482386366349445,663.0
