,precision,recall,f1-score,support
rRNA,1.0,0.9938461538461538,0.9969135802469136,325.0
sRNA,0.6938775510204082,0.8571428571428571,0.7669172932330827,119.0
Cis-reg,0.8714285714285714,0.7218934911242604,0.7896440129449838,169.0
tRNA,0.9433962264150944,1.0,0.970873786407767,50.0
accuracy,0.9004524886877828,0.9004524886877828,0.9004524886877828,0.9004524886877828
macro avg,0.8771755872160185,0.8932206255283178,0.8810871682081868,663.0
weighted avg,0.9080130746057493,0.9004524886877828,0.9008349909246973,663.0
