,precision,recall,f1-score,support
rRNA,1.0,1.0,1.0,325.0
sRNA,0.6143790849673203,0.7899159663865546,0.6911764705882353,119.0
Cis-reg,0.8461538461538461,0.650887573964497,0.7357859531772576,169.0
tRNA,0.9090909090909091,1.0,0.9523809523809523,50.0
accuracy,0.8733031674208145,0.8733031674208145,0.8733031674208145,0.8733031674208145
macro avg,0.8424059600530189,0.8602008850877629,0.8448358440366113,663.0
weighted avg,0.8847144141261789,0.8733031674208145,0.8736302770829625,663.0
