,precision,recall,f1-score,support
rRNA,1.0,1.0,1.0,325.0
sRNA,0.5786163522012578,0.773109243697479,0.6618705035971223,119.0
Cis-reg,0.816,0.6035502958579881,0.6938775510204082,169.0
tRNA,0.9259259259259259,1.0,0.9615384615384615,50.0
accuracy,0.8582202111613876,0.8582202111613876,0.8582202111613876,0.8582202111613876
macro avg,0.8301355695317959,0.8441648848888668,0.829321629038998,663.0
weighted avg,0.871878796694187,0.8582202111613876,0.8583783093928049,663.0
