,precision,recall,f1-score,support
rRNA,1.0,1.0,1.0,325.0
sRNA,0.6711409395973155,0.8403361344537815,0.746268656716418,119.0
Cis-reg,0.8623188405797102,0.7041420118343196,0.7752442996742672,169.0
tRNA,0.9803921568627451,1.0,0.99009900990099,50.0
accuracy,0.8959276018099548,0.8959276018099548,0.8959276018099548,0.8959276018099548
macro avg,0.8784629842599427,0.8861195365720254,0.8779029915729188,663.0
weighted avg,0.904400096098324,0.8959276018099548,0.8964211271331137,663.0
