,precision,recall,f1-score,support
rRNA,1.0,1.0,1.0,325.0
sRNA,0.5608108108108109,0.6974789915966386,0.6217228464419476,119.0
Cis-reg,0.7686567164179104,0.6094674556213018,0.6798679867986799,169.0
tRNA,0.8928571428571429,1.0,0.9433962264150945,50.0
accuracy,0.8461538461538461,0.8461538461538461,0.8461538461538461,0.8461538461538461
macro avg,0.805581167521466,0.8267366118044851,0.8112467649139306,663.0
weighted avg,0.8541211594328364,0.8461538461538461,0.8462330615630821,663.0
