,precision,recall,f1-score,support
rRNA,1.0,0.9969230769230769,0.9984591679506933,325.0
sRNA,0.7583333333333333,0.7647058823529411,0.7615062761506276,119.0
Cis-reg,0.8284023668639053,0.8284023668639053,0.8284023668639053,169.0
tRNA,1.0,1.0,1.0,50.0
accuracy,0.9125188536953243,0.9125188536953243,0.9125188536953243,0.9125188536953243
macro avg,0.8966839250493097,0.8975078315349809,0.8970919527413066,663.0
weighted avg,0.9128833584715937,0.9125188536953243,0.9126975512004525,663.0
