,precision,recall,f1-score,support
rRNA,1.0,1.0,1.0,325.0
sRNA,0.4857142857142857,0.8571428571428571,0.6200607902735563,119.0
Cis-reg,0.782051282051282,0.3609467455621302,0.49392712550607293,169.0
tRNA,1.0,1.0,1.0,50.0
accuracy,0.8114630467571644,0.8114630467571644,0.8114630467571644,0.8114630467571644
macro avg,0.8169413919413919,0.8045224006762468,0.7784969789449073,663.0
weighted avg,0.8521367521367522,0.8114630467571644,0.8028068148613569,663.0
