,precision,recall,f1-score,support
tRNA,1.0,1.0,1.0,50.0
rRNA,1.0,1.0,1.0,325.0
Cis-reg,0.8938053097345132,0.5976331360946746,0.7163120567375887,169.0
sRNA,0.6114285714285714,0.8991596638655462,0.7278911564625851,119.0
accuracy,0.8793363499245852,0.8793363499245852,0.8793363499245852,0.8793363499245852
macro avg,0.8763084702907711,0.8741981999900552,0.8610508033000435,663.0
weighted avg,0.9031871754828549,0.8793363499245852,0.8788473381714933,663.0
