,precision,recall,f1-score,support
tRNA,0.9803921568627451,1.0,0.99009900990099,50.0
rRNA,1.0,0.9569230769230769,0.9779874213836477,325.0
Cis-reg,0.823076923076923,0.6331360946745562,0.7157190635451505,169.0
sRNA,0.6198830409356725,0.8907563025210085,0.7310344827586207,119.0
accuracy,0.8657616892911011,0.8657616892911011,0.8657616892911011,0.8657616892911011
macro avg,0.8558380302188351,0.8702038685296604,0.8537099943971023,663.0
weighted avg,0.8851971187247093,0.8657616892911011,0.8677232090982524,663.0
