,precision,recall,f1-score,support
rRNA,1.0,1.0,1.0,325.0
sRNA,0.5113122171945701,0.9495798319327731,0.6647058823529411,119.0
Cis-reg,0.953125,0.3609467455621302,0.5236051502145923,169.0
tRNA,0.9433962264150944,1.0,0.970873786407767,50.0
accuracy,0.8280542986425339,0.8280542986425339,0.8280542986425339,0.8280542986425339
macro avg,0.8519583609024162,0.8276316443737258,0.7897962047438251,663.0
weighted avg,0.896069517597147,0.8280542986425339,0.816188476178966,663.0
