,precision,recall,f1-score,support
tRNA,0.78125,1.0,0.8771929824561403,50.0
rRNA,1.0,1.0,1.0,325.0
Cis-reg,0.8280254777070064,0.7692307692307693,0.7975460122699387,169.0
sRNA,0.7350427350427351,0.7226890756302521,0.7288135593220338,119.0
accuracy,0.8914027149321267,0.8914027149321267,0.8914027149321267,0.8914027149321267
macro avg,0.8360795531874354,0.8729799612152553,0.8508881385120282,663.0
weighted avg,0.8921099414820054,0.8914027149321267,0.8904581278367251,663.0
