,precision,recall,f1-score,support
tRNA,0.9803921568627451,1.0,0.99009900990099,50.0
rRNA,1.0,0.9538461538461539,0.9763779527559054,325.0
Cis-reg,0.711864406779661,0.4970414201183432,0.5853658536585366,169.0
sRNA,0.46195652173913043,0.7142857142857143,0.5610561056105611,119.0
accuracy,0.7978883861236803,0.7978883861236803,0.7978883861236803,0.7978883861236803
macro avg,0.7885532713453841,0.7912933220625529,0.7782247304814982,663.0
weighted avg,0.8285030447599646,0.7978883861236803,0.8031980256058344,663.0
