,precision,recall,f1-score,support
tRNA,0.9259259259259259,1.0,0.9615384615384615,50.0
rRNA,1.0,1.0,1.0,325.0
Cis-reg,0.83,0.4911242603550296,0.6171003717472119,169.0
sRNA,0.532608695652174,0.8235294117647058,0.6468646864686468,119.0
accuracy,0.8386123680241327,0.8386123680241327,0.8386123680241327,0.8386123680241327
macro avg,0.822133655394525,0.8286634180299339,0.80637587993858,663.0
weighted avg,0.8671896396363575,0.8386123680241327,0.8361143040602877,663.0
