,precision,recall,f1-score,support
rRNA,1.0,1.0,1.0,325.0
sRNA,0.5,0.5798319327731093,0.5369649805447471,119.0
Cis-reg,0.6666666666666666,0.591715976331361,0.6269592476489029,169.0
tRNA,1.0,1.0,1.0,50.0
accuracy,0.8205128205128205,0.8205128205128205,0.8205128205128205,0.8205128205128205
macro avg,0.7916666666666666,0.7928869772761176,0.7909810570484125,663.0
weighted avg,0.8252890899949723,0.8205128205128205,0.8218023311274353,663.0
