,precision,recall,f1-score,support
rRNA,1.0,1.0,1.0,325.0
sRNA,0.5368421052631579,0.8571428571428571,0.6601941747572815,119.0
Cis-reg,0.826530612244898,0.47928994082840237,0.6067415730337079,169.0
tRNA,1.0,1.0,1.0,50.0
accuracy,0.8416289592760181,0.8416289592760181,0.8416289592760181,0.8416289592760181
macro avg,0.8408431793770139,0.8341081994928149,0.8167339369477473,663.0
weighted avg,0.8726514087416344,0.8416289592760181,0.8387668667252083,663.0
