,precision,recall,f1-score,support
rRNA,1.0,1.0,1.0,325.0
sRNA,0.5174418604651163,0.7478991596638656,0.6116838487972509,119.0
Cis-reg,0.7478260869565218,0.5088757396449705,0.6056338028169014,169.0
tRNA,0.9803921568627451,1.0,0.99009900990099,50.0
accuracy,0.8295625942684767,0.8295625942684767,0.8295625942684767,0.8295625942684767
macro avg,0.8114150260710958,0.814193724827209,0.8018541653787856,663.0
weighted avg,0.8476286545009627,0.8295625942684767,0.8290308313393343,663.0
