,precision,recall,f1-score,support
rRNA,1.0,1.0,1.0,325.0
sRNA,0.5555555555555556,0.8403361344537815,0.6688963210702341,119.0
Cis-reg,0.8240740740740741,0.5266272189349113,0.6425992779783394,169.0
tRNA,1.0,1.0,1.0,50.0
accuracy,0.8506787330316742,0.8506787330316742,0.8506787330316742,0.8506787330316742
macro avg,0.8449074074074074,0.8417408383471732,0.8278738997621433,663.0
weighted avg,0.8753840567566057,0.8506787330316742,0.8494689897220169,663.0
