,precision,recall,f1-score,support
rRNA,1.0,1.0,1.0,325.0
sRNA,0.7011494252873564,0.5126050420168067,0.5922330097087377,119.0
Cis-reg,0.7185929648241206,0.8461538461538461,0.7771739130434783,169.0
tRNA,0.9615384615384616,1.0,0.9803921568627451,50.0
accuracy,0.8733031674208145,0.8733031674208145,0.8733031674208145,0.8733031674208145
macro avg,0.8453202129124847,0.8396897220426632,0.8374497699037402,663.0
weighted avg,0.8717283797004447,0.8733031674208145,0.868533525343627,663.0
