,precision,recall,f1-score,support
rRNA,1.0,1.0,1.0,325.0
sRNA,0.5235602094240838,0.8403361344537815,0.6451612903225806,119.0
Cis-reg,0.8041237113402062,0.46153846153846156,0.5864661654135339,169.0
tRNA,1.0,1.0,1.0,50.0
accuracy,0.8340874811463047,0.8340874811463047,0.8340874811463047,0.8340874811463047
macro avg,0.8319209801910725,0.8254686489980608,0.8079068639340286,663.0
weighted avg,0.8645559157435305,0.8340874811463047,0.8309004155403835,663.0
