,precision,recall,f1-score,support
rRNA,1.0,1.0,1.0,325.0
sRNA,0.5714285714285714,0.907563025210084,0.7012987012987012,119.0
Cis-reg,0.8888888888888888,0.5207100591715976,0.6567164179104478,169.0
tRNA,1.0,1.0,1.0,50.0
accuracy,0.861236802413273,0.861236802413273,0.861236802413273,0.861236802413273
macro avg,0.8650793650793651,0.8570682710954204,0.8395037798022873,663.0
weighted avg,0.894754482989777,0.861236802413273,0.8588832882072566,663.0
