,precision,recall,f1-score,support
rRNA,1.0,1.0,1.0,325.0
sRNA,0.5133689839572193,0.8067226890756303,0.6274509803921569,119.0
Cis-reg,0.7722772277227723,0.46153846153846156,0.5777777777777778,169.0
tRNA,1.0,1.0,1.0,50.0
accuracy,0.8280542986425339,0.8280542986425339,0.8280542986425339,0.8280542986425339
macro avg,0.8214115529199979,0.8170652876535229,0.8013071895424837,663.0
weighted avg,0.8546089903107957,0.8280542986425339,0.8255069549187196,663.0
