,precision,recall,f1-score,support
rRNA,1.0,1.0,1.0,325.0
sRNA,0.553072625698324,0.8319327731092437,0.6644295302013422,119.0
Cis-reg,0.8165137614678899,0.5266272189349113,0.6402877697841727,169.0
tRNA,1.0,1.0,1.0,50.0
accuracy,0.8491704374057315,0.8491704374057315,0.8491704374057315,0.8491704374057315
macro avg,0.8423965967915534,0.8396399980110387,0.8261793249963787,663.0
weighted avg,0.8730112641722081,0.8491704374057315,0.8480780500565384,663.0
