,precision,recall,f1-score,support
rRNA,1.0,1.0,1.0,325.0
sRNA,0.5185185185185185,0.9411764705882353,0.6686567164179105,119.0
Cis-reg,0.9027777777777778,0.38461538461538464,0.5394190871369295,169.0
tRNA,1.0,1.0,1.0,50.0
accuracy,0.832579185520362,0.832579185520362,0.832579185520362,0.832579185520362
macro avg,0.8553240740740741,0.831447963800905,0.80201895088871,663.0
weighted avg,0.8887981118373275,0.832579185520362,0.8231251507992043,663.0
