,precision,recall,f1-score,support
tRNA,0.9090909090909091,1.0,0.9523809523809523,50.0
rRNA,0.9878419452887538,1.0,0.9938837920489296,325.0
Cis-reg,0.7931034482758621,0.8165680473372781,0.80466472303207,169.0
sRNA,0.7238095238095238,0.6386554621848739,0.6785714285714285,119.0
accuracy,0.8883861236802413,0.8883861236802413,0.8883861236802413,0.8883861236802413
macro avg,0.8534614566162622,0.863805877380538,0.8573752240083451,663.0
weighted avg,0.8848732937637173,0.8883861236802413,0.8859270259839661,663.0
