,precision,recall,f1-score,support
tRNA,0.9803921568627451,1.0,0.99009900990099,50.0
rRNA,1.0,0.9969230769230769,0.9984591679506933,325.0
Cis-reg,0.8506493506493507,0.7751479289940828,0.8111455108359134,169.0
sRNA,0.7238805970149254,0.8151260504201681,0.766798418972332,119.0
accuracy,0.9079939668174962,0.9079939668174962,0.9079939668174962,0.9079939668174962
macro avg,0.8887305261317553,0.8967992640843319,0.8916255269149822,663.0
weighted avg,0.9108916125907295,0.9079939668174962,0.9085019355475138,663.0
