,precision,recall,f1-score,support
tRNA,0.9433962264150944,1.0,0.970873786407767,50.0
rRNA,1.0,0.9538461538461539,0.9763779527559054,325.0
Cis-reg,0.0,0.0,0.0,169.0
sRNA,0.38666666666666666,0.9747899159663865,0.5536992840095465,119.0
accuracy,0.717948717948718,0.717948717948718,0.717948717948718,0.717948717948718
macro avg,0.5825157232704402,0.7321590174531352,0.6252377557933048,663.0
weighted avg,0.630743807924718,0.717948717948718,0.6512168005478034,663.0
