,precision,recall,f1-score,support
tRNA,0.9615384615384616,1.0,0.9803921568627451,50.0
rRNA,1.0,1.0,1.0,325.0
Cis-reg,0.8831168831168831,0.40236686390532544,0.5528455284552846,169.0
sRNA,0.5215311004784688,0.9159663865546218,0.6646341463414633,119.0
accuracy,0.832579185520362,0.832579185520362,0.832579185520362,0.832579185520362
macro avg,0.8415466112834533,0.8295833126149867,0.7994679579148732,663.0
weighted avg,0.8814266625650288,0.832579185520362,0.8243468560583929,663.0
