,precision,recall,f1-score,support
tRNA,1.0,1.0,1.0,50.0
rRNA,1.0,0.9538461538461539,0.9763779527559054,325.0
Cis-reg,0.7152777777777778,0.6094674556213018,0.6581469648562299,169.0
sRNA,0.5031446540880503,0.6722689075630253,0.5755395683453237,119.0
accuracy,0.8190045248868778,0.8190045248868778,0.8190045248868778,0.8190045248868778
macro avg,0.804605607966457,0.8088956292576204,0.8025161214893648,663.0
weighted avg,0.8382445826258258,0.8190045248868778,0.8250963504365998,663.0
