,precision,recall,f1-score,support
tRNA,0.7142857142857143,1.0,0.8333333333333333,50.0
rRNA,1.0,0.9907692307692307,0.9953632148377125,325.0
Cis-reg,0.8292682926829268,0.8047337278106509,0.8168168168168168,169.0
sRNA,0.7383177570093458,0.6638655462184874,0.6991150442477876,119.0
accuracy,0.8853695324283559,0.8853695324283559,0.8853695324283559,0.8853695324283559
macro avg,0.8204679409944967,0.8648421261995922,0.8361571023089125,663.0
weighted avg,0.8879644649499433,0.8853695324283559,0.884459191246534,663.0
