,precision,recall,f1-score,support
tRNA,0.9259259259259259,1.0,0.9615384615384615,50.0
rRNA,1.0,0.96,0.9795918367346939,325.0
Cis-reg,0.7862068965517242,0.6745562130177515,0.7261146496815286,169.0
sRNA,0.6447368421052632,0.8235294117647058,0.7232472324723248,119.0
accuracy,0.8657616892911011,0.8657616892911011,0.8657616892911011,0.8657616892911011
macro avg,0.8392174161457283,0.8645214061956144,0.8476230451067521,663.0
weighted avg,0.876152256446552,0.8657616892911011,0.8676079434028411,663.0
