,precision,recall,f1-score,support
tRNA,1.0,1.0,1.0,50.0
rRNA,1.0,1.0,1.0,325.0
Cis-reg,0.6549295774647887,0.5502958579881657,0.5980707395498391,169.0
sRNA,0.4794520547945205,0.5882352941176471,0.5283018867924528,119.0
accuracy,0.8114630467571644,0.8114630467571644,0.8114630467571644,0.8114630467571644
macro avg,0.7835954080648274,0.7846327880264532,0.7815931565855729,663.0
weighted avg,0.8186091902143247,0.8114630467571644,0.8128836795056179,663.0
