,precision,recall,f1-score,support
rRNA,1.0,1.0,1.0,325.0
sRNA,0.46938775510204084,0.5798319327731093,0.518796992481203,119.0
Cis-reg,0.6642335766423357,0.5384615384615384,0.5947712418300652,169.0
tRNA,0.9259259259259259,1.0,0.9615384615384615,50.0
accuracy,0.8069381598793364,0.8069381598793364,0.8069381598793364,0.8069381598793364
macro avg,0.7648868144175757,0.7795733678086619,0.7687766739624324,663.0
weighted avg,0.8135881049864162,0.8069381598793364,0.807436055884566,663.0
