,precision,recall,f1-score,support
tRNA,1.0,1.0,1.0,50.0
rRNA,1.0,1.0,1.0,325.0
Cis-reg,0.8363636363636363,0.5443786982248521,0.6594982078853047,169.0
sRNA,0.5674157303370787,0.8487394957983193,0.6801346801346801,119.0
accuracy,0.8567119155354449,0.8567119155354449,0.8567119155354449,0.8567119155354449
macro avg,0.8509448416751788,0.8482795485057929,0.8349082220049961,663.0
weighted avg,0.8806454396011567,0.8567119155354449,0.8557937014610006,663.0
