,precision,recall,f1-score,support
rRNA,0.9969325153374233,1.0,0.9984639016897081,325.0
sRNA,0.5077720207253886,0.8235294117647058,0.6282051282051282,119.0
Cis-reg,0.8021978021978022,0.4319526627218935,0.5615384615384615,169.0
tRNA,0.9433962264150944,1.0,0.970873786407767,50.0
accuracy,0.8235294117647058,0.8235294117647058,0.8235294117647058,0.8235294117647058
macro avg,0.8125746411689272,0.8138705186216498,0.7897703194602662,663.0
weighted avg,0.8554587901103575,0.8235294117647058,0.818553344835526,663.0
