,precision,recall,f1-score,support
tRNA,0.9259259259259259,1.0,0.9615384615384615,50.0
rRNA,1.0,0.9815384615384616,0.9906832298136645,325.0
Cis-reg,0.9333333333333333,0.33136094674556216,0.48908296943231433,169.0
sRNA,0.4826086956521739,0.9327731092436975,0.6361031518624642,119.0
accuracy,0.808446455505279,0.808446455505279,0.808446455505279,0.808446455505279
macro avg,0.8354669887278583,0.8114181293819303,0.7693519531617261,663.0
weighted avg,0.8845551499430443,0.808446455505279,0.7969838154933007,663.0
