,precision,recall,f1-score,support
tRNA,0.9433962264150944,1.0,0.970873786407767,50.0
rRNA,1.0,0.9538461538461539,0.9763779527559054,325.0
Cis-reg,0.7410714285714286,0.4911242603550296,0.5907473309608541,169.0
sRNA,0.5585106382978723,0.8823529411764706,0.6840390879478826,119.0
accuracy,0.8265460030165912,0.8265460030165912,0.8265460030165912,0.8265460030165912
macro avg,0.8107445733210988,0.8318308388444136,0.8055095395181023,663.0
weighted avg,0.8504881579287678,0.8265460030165912,0.825193777321629,663.0
