,precision,recall,f1-score,support
tRNA,0.9433962264150944,1.0,0.970873786407767,50.0
rRNA,0.9908536585365854,1.0,0.995405819295559,325.0
Cis-reg,0.8292682926829268,0.8047337278106509,0.8168168168168168,169.0
sRNA,0.7372881355932204,0.7310924369747899,0.7341772151898734,119.0
accuracy,0.9019607843137255,0.9019607843137255,0.9019607843137255,0.9019607843137255
macro avg,0.8752015783069567,0.8839565411963602,0.879318409427504,663.0
weighted avg,0.900574479553775,0.9019607843137255,0.9011458691419034,663.0
