,precision,recall,f1-score,support
tRNA,0.8620689655172413,1.0,0.9259259259259259,50.0
rRNA,1.0,0.9938461538461538,0.9969135802469136,325.0
Cis-reg,0.8489208633093526,0.6982248520710059,0.7662337662337663,169.0
sRNA,0.6573426573426573,0.7899159663865546,0.7175572519083969,119.0
accuracy,0.8823529411764706,0.8823529411764706,0.8823529411764706,0.8823529411764706
macro avg,0.8420831215423128,0.8704967430759285,0.8516576310787507,663.0
weighted avg,0.8895849930602096,0.8823529411764706,0.8826184454708129,663.0
