,precision,recall,f1-score,support
tRNA,1.0,1.0,1.0,50.0
rRNA,1.0,0.96,0.9795918367346939,325.0
Cis-reg,0.7748344370860927,0.6923076923076923,0.73125,169.0
sRNA,0.6533333333333333,0.8235294117647058,0.728624535315985,119.0
accuracy,0.8702865761689291,0.8702865761689291,0.8702865761689291,0.8702865761689291
macro avg,0.8570419426048566,0.8689592760180995,0.8598665930126697,663.0
weighted avg,0.880382634289919,0.8702865761689291,0.8727826797004188,663.0
