,precision,recall,f1-score,support
tRNA,0.847457627118644,1.0,0.9174311926605504,50.0
rRNA,0.9876923076923076,0.9876923076923076,0.9876923076923076,325.0
Cis-reg,0.7194244604316546,0.591715976331361,0.6493506493506495,169.0
sRNA,0.5571428571428572,0.6554621848739496,0.6023166023166022,119.0
accuracy,0.8280542986425339,0.8280542986425339,0.8280542986425339,0.8280542986425339
macro avg,0.7779293130963658,0.8087176172244045,0.7891976880050273,663.0
weighted avg,0.8314564331355684,0.8280542986425339,0.8269796305414222,663.0
