,precision,recall,f1-score,support
tRNA,0.8064516129032258,1.0,0.8928571428571428,50.0
rRNA,0.9969230769230769,0.9969230769230769,0.9969230769230769,325.0
Cis-reg,0.7628865979381443,0.8757396449704142,0.8154269972451791,169.0
sRNA,0.8170731707317073,0.5630252100840336,0.6666666666666666,119.0
accuracy,0.8883861236802413,0.8883861236802413,0.8883861236802413,0.8883861236802413
macro avg,0.8458336146240385,0.8589219829943813,0.8429684709230164,663.0
weighted avg,0.8906216033390361,0.8883861236802413,0.8835344690959664,663.0
