,precision,recall,f1-score,support
tRNA,1.0,1.0,1.0,50.0
rRNA,1.0,0.9538461538461539,0.9763779527559054,325.0
Cis-reg,0.6802030456852792,0.7928994082840237,0.73224043715847,169.0
sRNA,0.6698113207547169,0.5966386554621849,0.6311111111111112,119.0
accuracy,0.8521870286576169,0.8521870286576169,0.8521870286576169,0.8521870286576169
macro avg,0.8375035916099991,0.8358460543980907,0.8349323752563717,663.0
weighted avg,0.8592184945559933,0.8521870286576169,0.8539573012785414,663.0
