,precision,recall,f1-score,support
tRNA,0.9090909090909091,1.0,0.9523809523809523,50.0
rRNA,1.0,0.9538461538461539,0.9763779527559054,325.0
Cis-reg,0.7125748502994012,0.7041420118343196,0.7083333333333333,169.0
sRNA,0.6183206106870229,0.680672268907563,0.648,119.0
accuracy,0.8446455505279035,0.8446455505279035,0.8446455505279035,0.8446455505279035
macro avg,0.8099965925193333,0.8346651086470092,0.8212730596175478,663.0
weighted avg,0.8513723194975866,0.8446455505279035,0.8473034926064105,663.0
