,precision,recall,f1-score,support
tRNA,1.0,1.0,1.0,50.0
rRNA,1.0,0.9938461538461538,0.9969135802469136,325.0
Cis-reg,0.8584070796460177,0.5739644970414202,0.6879432624113475,169.0
sRNA,0.5932203389830508,0.8823529411764706,0.7094594594594594,119.0
accuracy,0.8672699849170438,0.8672699849170438,0.8672699849170438,0.8672699849170438
macro avg,0.8629068546572671,0.8625408980160111,0.8485790755294302,663.0
weighted avg,0.8908959529399096,0.8672699849170438,0.8667948727050383,663.0
